0,#,FORM,LEMMA,GRAM,COMMENT,CHECKED,CONTEXT,RIGHT1,RIGHT2,RIGHT3,RIGHT4,RIGHT5,RIGHT6,POS,AUTO_LEMMA,AUTO_GRAM,
1,,огорожен,ОГОРОДИТЬ,PARTCP pf praet - sg brev m pass -,,,   _огорожен_ .  ,н,е,ж,о,р,о,PARTCP,ОГОРОДИТЬ,PARTCP pf praet - sg brev m pass -,Ь
2,,.,.,PUNCT,,,,,,,,,,PUNCT,,,
3,,,,,,,,,,,,,,,,,
4,# sent = 424,,,,,,,,,,,,,,,,
5,,Жили,ЖИТЬ,V ipf praet pl indic - -,,,.   _Жили_ мы в палатках,и,л,и,ж,,,V,ЖИТЬ,V ipf praet pl indic - -,Ь
6,,мы,МЫ,SPRO pl 1p - nom,,,  Жили _мы_ в палатках (,ы,м,,,,,SPRO,МЫ,SPRO pl 1p - nom,Ы
7,,в,В,PR,,, Жили мы _в_ палатках ( ну,в,,,,,,PR,В,PR,В
8,,палатках,ПАЛАТКА,S f inan loc pl,,,Жили мы в _палатках_ ( ну в,х,а,к,т,а,л,S,ПАЛАТКА,S f inan loc pl,А
9,,(,(,PUNCT,,,,,,,,,,PUNCT,,,
10,,ну,НУ,PART,,,в палатках ( _ну_ в таких больших,у,н,,,,,PART,НУ,PART,У
11,,в,В,PR,,,палатках ( ну _в_ таких больших в,в,,,,,,PR,В,PR,В
12,,таких,ТАКОЙ,APRO - loc pl plen - -,,,( ну в _таких_ больших в армейских,х,и,к,а,т,,APRO,ТАКОЙ,A - loc pl plen - -,Й
13,,больших,БОЛЬШОЙ,A - loc pl plen - -,,,ну в таких _больших_ в армейских ),х,и,ш,ь,л,о,A,БОЛЬШОЙ,A - loc pl plen - -,Й
14,,в,В,PR,,,"в таких больших _в_ армейских ) ,",в,,,,,,PR,В,PR,В
15,,армейских,АРМЕЙСКИЙ,A - loc pl plen - -,,,"таких больших в _армейских_ ) , и",х,и,к,с,й,е,A,АРМЕЙСКИЙ,A - loc pl plen - -,Й
16,,),),PUNCT,,,,,,,,,,PUNCT,,,
17,,",",",",PUNCT,,,,,,,,,,PUNCT,,,
18,,и,И,CONJ,,,"армейских ) , _и_ поэтому я в",и,,,,,,CONJ,И,CONJ,И
19,,поэтому,ПОЭТОМУ,ADVPRO,,,") , и _поэтому_ я в свободное",у,м,о,т,э,о,ADV,ПОЭТОМУ,ADV -,У
20,,я,Я,SPRO sg 1p - nom,,,", и поэтому _я_ в свободное время",я,,,,,,SPRO,Я,SPRO sg 1p - nom,Я
21,,в,В,PR,,,и поэтому я _в_ свободное время очень,в,,,,,,PR,В,PR,В
22,,свободное,СВОБОДНЫЙ,A - acc sg plen n inan,,,поэтому я в _свободное_ время очень часто,е,о,н,д,о,б,A,СВОБОДНЫЙ,A - acc sg plen n inan,Й
23,,время,ВРЕМЯ,S n inan acc sg,,,я в свободное _время_ очень часто ходил,я,м,е,р,в,,S,ВРЕМЯ,S n inan acc sg,Я
24,,очень,ОЧЕНЬ,ADV -,,,в свободное время _очень_ часто ходил в,ь,н,е,ч,о,,ADV,ОЧЕНЬ,ADV -,Ь
25,,часто,ЧАСТО,ADV -,,,свободное время очень _часто_ ходил в лес,о,т,с,а,ч,,ADV,ЧАСТО,ADV -,О
26,,ходил,ХОДИТЬ,V ipf praet sg indic m -,,,время очень часто _ходил_ в лес за,л,и,д,о,х,,V,ХОДИТЬ,V ipf praet sg indic m -,Ь
27,,в,В,PR,,,очень часто ходил _в_ лес за грибами,в,,,,,,PR,В,PR,В
28,,лес,ЛЕС,S m inan acc sg,,,"часто ходил в _лес_ за грибами ,",с,е,л,,,,S,ЛЕС,S m inan acc sg,С
29,,за,ЗА,PR,,,"ходил в лес _за_ грибами , за",а,з,,,,,PR,ЗА,PR,А
30,,грибами,ГРИБ,S m inan ins pl,,,"в лес за _грибами_ , за ягодами",и,м,а,б,и,р,S,ГРИБ,S m inan ins pl,Б
31,,",",",",PUNCT,,,,,,,,,,PUNCT,,,
32,,за,ЗА,PR,,,"за грибами , _за_ ягодами , просто",а,з,,,,,PR,ЗА,PR,А
33,,ягодами,ЯГОДА,S f inan ins pl,,,"грибами , за _ягодами_ , просто гулял",и,м,а,д,о,г,S,ЯГОДА,S f inan ins pl,А
34,,",",",",PUNCT,,,,,,,,,,PUNCT,,,
35,,просто,ПРОСТО,PART,,,"за ягодами , _просто_ гулял в лесу",о,т,с,о,р,п,PART,ПРОСТО,PART,О
36,,гулял,ГУЛЯТЬ,V ipf praet sg indic m -,,,"ягодами , просто _гулял_ в лесу ,",л,я,л,у,г,,V,ГУЛЯТЬ,V ipf praet sg indic m -,Ь
37,,в,В,PR,,,", просто гулял _в_ лесу , мне",в,,,,,,PR,В,PR,В
38,,лесу,ЛЕС,S m inan loc2 sg,,,"просто гулял в _лесу_ , мне это",у,с,е,л,,,S,ЛЕС,S m inan loc2 sg,С
39,,",",",",PUNCT,,,,,,,,,,PUNCT,,,
40,,мне,Я,SPRO sg 1p - dat,,,"в лесу , _мне_ это очень нравилось",е,н,м,,,,SPRO,Я,SPRO sg 1p - dat,Я
41,,это,ЭТО,SPRO n - nom sg,,,"лесу , мне _это_ очень нравилось .",о,т,э,,,,SPRO,ЭТО,S n - nom sg,О
42,,очень,ОЧЕНЬ,ADV -,,,", мне это _очень_ нравилось . ",ь,н,е,ч,о,,ADV,ОЧЕНЬ,ADV -,Ь
43,,нравилось,НРАВИТЬСЯ,V ipf praet sg indic n -,,,мне это очень _нравилось_ .  ,ь,с,о,л,и,в,V,НРАВИТЬСЯ,V ipf praet sg indic n -,Я
44,,.,.,PUNCT,,,,,,,,,,PUNCT,,,
45,,,,,,,,,,,,,,,,,
46,# sent = 425,,,,,,,,,,,,,,,,
47,,Ну,НУ,PART,,,.   _Ну_ мне и ,у,н,,,,,PART,НУ,PART,У
48,,мне,Я,SPRO sg 1p - dat,,,  Ну _мне_ и  щас,е,н,м,,,,SPRO,Я,SPRO sg 1p - dat,Я
49,,и,И,CONJ,,, Ну мне _и_  щас ,и,,,,,,CONJ,И,CONJ,И
50,"<distinct form=""",,,,,,,,,,,,,,,,
51,<dist>,щас,,,,,,,,,,,,,,,
52,""">",,,,,,,,,,,,,,,,
53,,сейчас,СЕЙЧАС,ADV -,,," щас  _сейчас_  , наверно",с,а,ч,й,е,с,ADV,СЕЙЧАС,ADV -,С
54,</distinct>,,,,,,,,,,,,,,,,
55,,",",",",PUNCT,,,,,,,,,,PUNCT,,,
56,,наверно,НАВЕРНО,PARENTH,,,"сейчас  , _наверно_ , нравится ,",о,н,р,е,в,а,ADV,НАВЕРНО,ADV -,О
57,,",",",",PUNCT,,,,,,,,,,PUNCT,,,
58,,нравится,НРАВИТЬСЯ,V ipf praes sg indic - 3p,,,", наверно , _нравится_ , просто давно",я,с,т,и,в,а,V,НРАВИТЬСЯ,V ipf praes sg indic - 3p,Я
59,,",",",",PUNCT,,,,,,,,,,PUNCT,,,
60,,просто,ПРОСТО,PART,,,", нравится , _просто_ давно уже не",о,т,с,о,р,п,PART,ПРОСТО,PART,О
61,,давно,ДАВНО,ADV -,,,"нравится , просто _давно_ уже не бываю",о,н,в,а,д,,ADV,ДАВНО,ADV -,О
62,,уже,УЖЕ,ADV -,,,", просто давно _уже_ не бываю как-то",е,ж,у,,,,ADV,УЖЕ,ADV -,Е
63,,не,НЕ,PART,,,"просто давно уже _не_ бываю как-то ,",е,н,,,,,PART,НЕ,PART,Е
64,,бываю,БЫВАТЬ,V ipf praes sg indic - 1p,,,"давно уже не _бываю_ как-то , всё",ю,а,в,ы,б,,V,БЫВАТЬ,V ipf praes sg indic - 1p,Ь
65,,как-то,КАК-ТО,ADVPRO,,,"уже не бываю _как-то_ , всё время",о,т,-,к,а,к,ADV,КАК-ТО,ADV -,О
66,,",",",",PUNCT,,,,,,,,,,PUNCT,,,
67,,всё,ВЕСЬ,APRO - nom pl plen - -,,,"бываю как-то , _всё_ время занят .",ё,с,в,,,,APRO,ВЕСЬ,A - nom pl plen - -,Ь
68,,время,ВРЕМЯ,S n inan acc sg,,,"как-то , всё _время_ занят . ",я,м,е,р,в,,S,ВРЕМЯ,S n inan acc sg,Я
69,,занят,ЗАНЯТЫЙ,A - - sg brev m -,,,", всё время _занят_ .  ",т,я,н,а,з,,A,ЗАНЯТЫЙ,A - - sg brev m -,Й
70,,.,.,PUNCT,,,,,,,,,,PUNCT,,,
71,,,,,,,,,,,,,,,,,
72,# sent = 426,,,,,,,,,,,,,,,,
73,"<distinct form=""",,,,,,,,,,,,,,,,
74,<dist>,Во-от,,,,,,,,,,,,,,,
75,""">",,,,,,,,,,,,,,,,
76,,вот,ВОТ,PART,,, Во-от  _вот_  . ,т,о,в,,,,PART,ВОТ,PART,Т
77,</distinct>,,,,,,,,,,,,,,,,
78,,.,.,PUNCT,,,,,,,,,,PUNCT,,,
79,,,,,,,,,,,,,,,,,
80,# sent = 427,,,,,,,,,,,,,,,,
81,# speaker = Илья,,,,,,,,,,,,,,,,
82,# sent = 428,,,,,,,,,,,,,,,,
83,,Собирал,СОБИРАТЬ,V ipf praet sg indic m -,,,"   _Собирал_ ягоды , собирал",л,а,р,и,б,о,V,СОБИРАТЬ,V ipf praet sg indic m -,Ь
84,,ягоды,ЯГОДА,S f inan acc pl,,,"  Собирал _ягоды_ , собирал грибы",ы,д,о,г,я,,S,ЯГОДА,S f inan acc pl,А
85,,",",",",PUNCT,,,,,,,,,,PUNCT,,,
86,,собирал,СОБИРАТЬ,V ipf praet sg indic m -,,,"Собирал ягоды , _собирал_ грибы , ну",л,а,р,и,б,о,V,СОБИРАТЬ,V ipf praet sg indic m -,Ь
87,,грибы,ГРИБ,S m inan acc pl,,,"ягоды , собирал _грибы_ , ну грибы",ы,б,и,р,г,,S,ГРИБ,S m inan acc pl,Б
88,,",",",",PUNCT,,,,,,,,,,PUNCT,,,
89,,ну,НУ,PART,,,"собирал грибы , _ну_ грибы как бы собирал",у,н,,,,,PART,НУ,PART,У
90,,грибы,ГРИБ,S m inan nom pl,,,"грибы , ну _грибы_ как бы собирал как",ы,б,и,р,г,,S,ГРИБ,S m inan nom pl,Б
91,,как бы,как бы,PART,,,", ну грибы _как бы_ собирал как ,",ы,б, ,к,а,к,PART,как бы,ADV -,ы
92,,собирал,СОБИРАТЬ,V ipf praet sg indic m -,,,"ну грибы как бы _собирал_ как , их",л,а,р,и,б,о,V,СОБИРАТЬ,V ipf praet sg indic m -,Ь
93,,как,КАК,PART,,,"грибы как бы собирал _как_ , их некуда",к,а,к,,,,CONJ,КАК,CONJ,К
94,,",",",",PUNCT,,,,,,,,,,PUNCT,,,
95,,их,ОНИ,SPRO pl - - acc,,,"собирал как , _их_ некуда там девать",х,и,,,,,SPRO,ОНИ,SPRO pl - - acc,И
96,,некуда,НЕКУДА,PRAEDICPRO,,,"как , их _некуда_ там девать ,",а,д,у,к,е,н,PRAEDIC,НЕКУДА,ADV -,А
97,,там,ТАМ,ADVPRO,,,", их некуда _там_ девать , поскольку",м,а,т,,,,ADV,ТАМ,ADV -,М
98,,девать,ДЕВАТЬ,V ipf - - inf - -,,,"их некуда там _девать_ , поскольку там",ь,т,а,в,е,д,V,ДЕВАТЬ,V ipf - - inf - -,Ь
99,,",",",",PUNCT,,,,,,,,,,PUNCT,,,
100,,поскольку,ПОСКОЛЬКУ,CONJ,,,"там девать , _поскольку_ там сушить их",у,к,ь,л,о,к,CONJ,ПОСКОЛЬКУ,CONJ,У
101,,там,ТАМ,ADVPRO,,,"девать , поскольку _там_ сушить их не",м,а,т,,,,ADV,ТАМ,ADV -,М
102,,сушить,СУШИТЬ,V ipf - - inf - -,,,", поскольку там _сушить_ их не можешь",ь,т,и,ш,у,с,V,СУШИТЬ,V ipf - - inf - -,Ь
103,,их,ОНИ,SPRO pl - - acc,,,поскольку там сушить _их_ не можешь в,х,и,,,,,SPRO,ОНИ,SPRO pl - - acc,И
104,,не,НЕ,PART,,,там сушить их _не_ можешь в полевых,е,н,,,,,PART,НЕ,PART,Е
105,,можешь,МОЧЬ,V ipf praes sg indic - 2p,,,сушить их не _можешь_ в полевых таких,ь,ш,е,ж,о,м,V,МОЧЬ,V ipf praes sg indic - 2p,Ь
106,,в,В,PR,,,их не можешь _в_ полевых таких условиях,в,,,,,,PR,В,PR,В
107,,полевых,ПОЛЕВОЙ,A - loc pl plen - -,,,"не можешь в _полевых_ таких условиях ,",х,ы,в,е,л,о,A,ПОЛЕВОЙ,A - loc pl plen - -,Й
108,,таких,ТАКОЙ,APRO - loc pl plen - -,,,"можешь в полевых _таких_ условиях , готовить",х,и,к,а,т,,APRO,ТАКОЙ,A - loc pl plen - -,Й
109,,условиях,УСЛОВИЕ,S n inan loc pl,,,"в полевых таких _условиях_ , готовить тоже",х,я,и,в,о,л,S,УСЛОВИЕ,S n inan loc pl,Е
110,,",",",",PUNCT,,,,,,,,,,PUNCT,,,
111,,готовить,ГОТОВИТЬ,V ipf - - inf - -,,,"таких условиях , _готовить_ тоже . ",ь,т,и,в,о,т,V,ГОТОВИТЬ,V ipf - - inf - -,Ь
112,,тоже,ТОЖЕ,PART,,,"условиях , готовить _тоже_ .  ",е,ж,о,т,,,PART,ТОЖЕ,PART,Е
113,,.,.,PUNCT,,,,,,,,,,PUNCT,,,
114,,,,,,,,,,,,,,,,,
115,# sent = 429,,,,,,,,,,,,,,,,
116,,Мы,МЫ,SPRO pl 1p - nom,,,.   _Мы_ ходили на турбазу,ы,м,,,,,SPRO,МЫ,SPRO pl 1p - nom,Ы
117,,ходили,ХОДИТЬ,V ipf praet pl indic - -,,,"  Мы _ходили_ на турбазу ,",и,л,и,д,о,х,V,ХОДИТЬ,V ipf praet pl indic - -,Ь
118,,на,НА,PR,,," Мы ходили _на_ турбазу , нас",а,н,,,,,PR,НА,PR,А
119,,турбазу,ТУРБАЗА,S f inan acc sg,,,"Мы ходили на _турбазу_ , нас кормили",у,з,а,б,р,у,S,ТУРБАЗА,S f inan acc sg,А
120,,",",",",PUNCT,,,,,,,,,,PUNCT,,,
121,,нас,МЫ,SPRO pl 1p - acc,,,"на турбазу , _нас_ кормили едой .",с,а,н,,,,SPRO,МЫ,SPRO pl 1p - loc,Ы
122,,кормили,КОРМИТЬ,V ipf praet pl indic - -,,,"турбазу , нас _кормили_ едой . ",и,л,и,м,р,о,V,КОРМИТЬ,V ipf praet pl indic - -,Ь
123,,едой,ЕДА,S f inan ins sg,,,", нас кормили _едой_ .  ",й,о,д,е,,,S,ЕДА,S f inan ins sg,А
124,,.,.,PUNCT,,,,,,,,,,PUNCT,,,
125,,,,,,,,,,,,,,,,,
126,# sent = 430,,,,,,,,,,,,,,,,
127,,То есть,То есть,CONJ,,,.   _То есть_ мы не то что,ь,т,с,е, ,о,CONJ,То есть,ADV -,ь
128,,мы,МЫ,SPRO pl 1p - nom,,,  То есть _мы_ не то что вообще,ы,м,,,,,SPRO,МЫ,SPRO pl 1p - nom,Ы
129,,не то,не то,CONJ,слитно,, То есть мы _не то_ что вообще как,о,т, ,е,н,,CONJ,не то,CONJ,о
130,,что,ЧТО,CONJ,,,То есть мы не то _что_ вообще как там,о,т,ч,,,,CONJ,ЧТО,CONJ,О
131,,вообще,ВООБЩЕ,ADV -,,,мы не то что _вообще_ как там первые,е,щ,б,о,о,в,ADV,ВООБЩЕ,ADV -,Е
132,,как,КАК,CONJ,,,не то что вообще _как_ там первые пионеры,к,а,к,,,,CONJ,КАК,CONJ,К
133,,там,ТАМ,ADVPRO,,,что вообще как _там_ первые пионеры :,м,а,т,,,,ADV,ТАМ,ADV -,М
134,,первые,ПЕРВЫЙ,ANUM - nom pl plen - -,,,вообще как там _первые_ пионеры : сами,е,ы,в,р,е,п,A,ПЕРВЫЙ,A - nom pl plen - -,Й
135,,пионеры,ПИОНЕР,S m anim nom pl,,,как там первые _пионеры_ : сами всё,ы,р,е,н,о,и,S,ПИОНЕР,S m anim nom pl,Р
136,,:,:,PUNCT,,,,,,,,,,PUNCT,,,
137,,сами,САМ,APRO - nom pl plen - -,,,"первые пионеры : _сами_ всё готовят ,",и,м,а,с,,,A,САМ,A - nom pl plen - -,М
138,,всё,ВЕСЬ,SPRO n inan acc sg,,,"пионеры : сами _всё_ готовят , сами",ё,с,в,,,,ADV,ВСЕ,ADV -,Ь
139,,готовят,ГОТОВИТЬ,V ipf praes pl indic - 3p,,,": сами всё _готовят_ , сами всё",т,я,в,о,т,о,V,ГОТОВИТЬ,V ipf praes pl indic - 3p,Ь
140,,",",",",PUNCT,,,,,,,,,,PUNCT,,,
141,,сами,САМ,APRO - nom pl plen - -,,,"всё готовят , _сами_ всё это .",и,м,а,с,,,A,САМ,A - nom pl plen - -,М
142,,всё,ВЕСЬ,APRO - nom pl plen - -,,,"готовят , сами _всё_ это . ",ё,с,в,,,,APRO,ВЕСЬ,A - nom pl plen - -,Ь
143,,это,ЭТО,SPRO n - acc sg,,,", сами всё _это_ .  ",о,т,э,,,,SPRO,ЭТО,S n inan acc sg,О
144,,.,.,PUNCT,,,,,,,,,,PUNCT,,,
145,,,,,,,,,,,,,,,,,
146,# sent = 431,,,,,,,,,,,,,,,,
147,,То есть,То есть,CONJ,,,.   _То есть_ нас водили на,ь,т,с,е, ,о,CONJ,То есть,ADV -,ь
148,,нас,МЫ,SPRO pl 1p - acc,,,  То есть _нас_ водили на турбазу,с,а,н,,,,SPRO,МЫ,SPRO pl 1p - loc,Ы
149,,водили,ВОДИТЬ,V ipf praet pl indic - -,,, То есть нас _водили_ на турбазу тоже,и,л,и,д,о,в,V,ВОДИТЬ,V ipf praet pl indic - -,Ь
150,,на,НА,PR,,,То есть нас водили _на_ турбазу тоже по,а,н,,,,,PR,НА,PR,А
151,,турбазу,ТУРБАЗА,S f inan acc sg,,,нас водили на _турбазу_ тоже по расписанию,у,з,а,б,р,у,S,ТУРБАЗА,S f inan acc sg,А
152,,тоже,ТОЖЕ,PART,,,"водили на турбазу _тоже_ по расписанию ,",е,ж,о,т,,,PART,ТОЖЕ,PART,Е
153,,по,ПО,PR,,,"на турбазу тоже _по_ расписанию , там",о,п,,,,,PR,ПО,PR,О
154,,расписанию,РАСПИСАНИЕ,S n inan dat sg,,,"турбазу тоже по _расписанию_ , там ,",ю,и,н,а,с,и,S,РАСПИСАНИЕ,S n inan dat sg,Е
155,,",",",",PUNCT,,,,,,,,,,PUNCT,,,
156,,там,ТАМ,ADVPRO,,,"по расписанию , _там_ , утром в",м,а,т,,,,ADV,ТАМ,ADV -,М
157,,",",",",PUNCT,,,,,,,,,,PUNCT,,,
158,,утром,УТРО,S n inan ins sg,,,", там , _утром_ в обед и",м,о,р,т,у,,S,УТРО,S n inan ins sg,О
159,,в,В,PR,,,"там , утром _в_ обед и вечером",в,,,,,,PR,В,PR,В
160,,обед,ОБЕД,S m inan acc sg,,,", утром в _обед_ и вечером там",д,е,б,о,,,S,ОБЕД,S m inan acc sg,Д
161,,и,И,CONJ,,,утром в обед _и_ вечером там .,и,,,,,,CONJ,И,CONJ,И
162,,вечером,ВЕЧЕР,S m inan ins sg,,,в обед и _вечером_ там . ,м,о,р,е,ч,е,S,ВЕЧЕР,S m inan ins sg,Р
163,,там,ТАМ,ADVPRO,,,обед и вечером _там_ .  ,м,а,т,,,,ADV,ТАМ,ADV -,М
164,,.,.,PUNCT,,,,,,,,,,PUNCT,,,
165,,,,,,,,,,,,,,,,,
166,# sent = 432,,,,,,,,,,,,,,,,
167,,Ходили,ХОДИТЬ,V ipf praet pl indic - -,,,.   _Ходили_ есть централизованно ,и,л,и,д,о,х,V,ХОДИТЬ,V ipf praet pl indic - -,Ь
168,,есть,БЫТЬ,V ipf - - inf - -,,,  Ходили _есть_ централизованно  и-и-и,ь,т,с,е,,,V,БЫТЬ,V ipf praes sg indic - 3p,Ь
169,,централизованно,ЦЕНТРАЛИЗОВАННО,ADV -,,, Ходили есть _централизованно_  и-и-и ,о,н,н,а,в,о,ADV,ЦЕНТРАЛИЗОВАННО,ADV -,О
170,"<distinct form=""",,,,,,,,,,,,,,,,
171,<dist>,и-и-и,,,,,,,,,,,,,,,
172,""">",,,,,,,,,,,,,,,,
173,,и,И,CONJ,,, и-и-и  _и_  как бы такую,и,,,,,,CONJ,И,CONJ,И
174,</distinct>,,,,,,,,,,,,,,,,
175,,как бы,как бы,PART,,, и  _как бы_ такую вкусную достаточно,ы,б, ,к,а,к,PART,как бы,ADV -,ы
176,,такую,ТАКОЙ,APRO - acc sg plen f -,,,и  как бы _такую_ вкусную достаточно пищу,ю,у,к,а,т,,APRO,ТАКОЙ,A - acc sg plen f -,Й
177,,вкусную,ВКУСНЫЙ,A - acc sg plen f -,,, как бы такую _вкусную_ достаточно пищу .,ю,у,н,с,у,к,A,ВКУСНЫЙ,A - acc sg plen f -,Й
178,,достаточно,ДОСТАТОЧНО,ADV -,,,как бы такую вкусную _достаточно_ пищу . ,о,н,ч,о,т,а,ADV,ДОСТАТОЧНО,ADV -,О
179,,пищу,ПИЩА,S f inan acc sg,,,такую вкусную достаточно _пищу_ .  ,у,щ,и,п,,,S,ПИЩА,S f inan acc sg,А
180,,.,.,PUNCT,,,,,,,,,,PUNCT,,,
181,,,,,,,,,,,,,,,,,
182,# sent = 433,,,,,,,,,,,,,,,,
183,# speaker = Илья,,,,,,,,,,,,,,,,
184,# sent = 434,,,,,,,,,,,,,,,,
185,,А,А,CONJ,,,   _А_ так вот это,а,,,,,,CONJ,А,CONJ,А
186,,так,ТАК,ADVPRO,,,  А _так_ вот это вот,к,а,т,,,,ADV,ТАК,ADV -,К
187,,вот,ВОТ,PART,,, А так _вот_ это вот ощущение,т,о,в,,,,PART,ВОТ,PART,Т
188,,это,ЭТО,APRO - nom sg plen n -,,,А так вот _это_ вот ощущение ..,о,т,э,,,,SPRO,ЭТО,S n - nom sg,О
189,,вот,ВОТ,PART,,,так вот это _вот_ ощущение .. ,т,о,в,,,,PART,ВОТ,PART,Т
190,,ощущение,ОЩУЩЕНИЕ,S n inan nom sg,,,вот это вот _ощущение_ ..  ,е,и,н,е,щ,у,S,ОЩУЩЕНИЕ,S n inan nom sg,Е
191,,..,..,PUNCT,,,,,,,,,,PUNCT,,,
192,,,,,,,,,,,,,,,,,
193,# sent = 435,,,,,,,,,,,,,,,,
194,,.,.,PUNCT,,,,,,,,,,PUNCT,,,
195,,такой,ТАКОЙ,APRO - gen sg plen f -,,,"  . _такой_ свободной жизни ,",й,о,к,а,т,,APRO,ТАКОЙ,A - acc sg plen m inan,Й
196,,свободной,СВОБОДНЫЙ,A - gen sg plen f -,,," . такой _свободной_ жизни , когда",й,о,н,д,о,б,A,СВОБОДНЫЙ,A - gen sg plen f -,Й
197,,жизни,ЖИЗНЬ,S f inan dat sg,,,". такой свободной _жизни_ , когда тебя",и,н,з,и,ж,,S,ЖИЗНЬ,S f inan gen sg,Ь
198,,",",",",PUNCT,,,,,,,,,,PUNCT,,,
199,,когда,КОГДА,CONJ,,,"свободной жизни , _когда_ тебя не гнетёт",а,д,г,о,к,,CONJ,КОГДА,CONJ,А
200,,тебя,ТЫ,SPRO sg 2p - acc,,,"жизни , когда _тебя_ не гнетёт вот",я,б,е,т,,,SPRO,ТЫ,SPRO sg 2p - acc,Ы
201,,не,НЕ,PART,,,", когда тебя _не_ гнетёт вот это",е,н,,,,,PART,НЕ,PART,Е
202,,гнетёт,ГНЕСТИ,V ipf praes sg indic - 3p,,,когда тебя не _гнетёт_ вот это расписание,т,ё,т,е,н,г,V,ГНЕСТИ,V ipf praes sg indic - 3p,И
203,,вот,ВОТ,PART,,,тебя не гнетёт _вот_ это расписание постоянное,т,о,в,,,,PART,ВОТ,PART,Т
204,,это,ЭТОТ,APRO - nom sg plen n -,,,"не гнетёт вот _это_ расписание постоянное ,",о,т,э,,,,APRO,ЭТОТ,A - acc sg plen n -,Т
205,,расписание,РАСПИСАНИЕ,S n inan nom sg,,,"гнетёт вот это _расписание_ постоянное , постоянное",е,и,н,а,с,и,S,РАСПИСАНИЕ,S n inan nom sg,Е
206,,постоянное,ПОСТОЯННЫЙ,A - nom sg plen n -,,,"вот это расписание _постоянное_ , постоянное какое-то",е,о,н,н,я,о,A,ПОСТОЯННЫЙ,A - nom sg plen n -,Й
207,,",",",",PUNCT,,,,,,,,,,PUNCT,,,
208,,постоянное,ПОСТОЯННЫЙ,A - nom sg plen n -,,,"расписание постоянное , _постоянное_ какое-то вот такое",е,о,н,н,я,о,A,ПОСТОЯННЫЙ,A - nom sg plen n -,Й
209,,какое-то,КАКОЙ-ТО,APRO - nom sg plen n -,,,"постоянное , постоянное _какое-то_ вот такое колесо",о,т,-,е,о,к,APRO,КАКОЙ-ТО,A - nom sg plen n -,О
210,,вот,ВОТ,PART,,,", постоянное какое-то _вот_ такое колесо ,",т,о,в,,,,PART,ВОТ,PART,Т
211,,такое,ТАКОЙ,APRO - nom sg plen n -,,,"постоянное какое-то вот _такое_ колесо , ну",е,о,к,а,т,,APRO,ТАКОЙ,A - nom sg plen n -,Й
212,,колесо,КОЛЕСО,S n inan nom sg,,,"какое-то вот такое _колесо_ , ну ,",о,с,е,л,о,к,S,КОЛЕСО,S n inan nom sg,О
213,,",",",",PUNCT,,,,,,,,,,PUNCT,,,
214,,ну,НУ,PART,,,"такое колесо , _ну_ , дел .",у,н,,,,,PART,НУ,PART,У
215,,",",",",PUNCT,,,,,,,,,,PUNCT,,,
216,,дел,ДЕЛО,S n inan gen pl,,,", ну , _дел_ .  ",л,е,д,,,,S,ДЕЛО,S n inan gen pl,О
217,,.,.,PUNCT,,,,,,,,,,PUNCT,,,
218,,,,,,,,,,,,,,,,,
219,# sent = 436,,,,,,,,,,,,,,,,
220,,Оно,ОНО,SPRO sg 3p n nom,,,.   _Оно_ же как вот,о,н,о,,,,SPRO,ОНО,SPRO sg 3p n nom,О
221,,же,ЖЕ,PART,,,  Оно _же_ как вот со,е,ж,,,,,PART,ЖЕ,PART,Е
222,,как,КАК,CONJ,,, Оно же _как_ вот со школы,к,а,к,,,,CONJ,КАК,CONJ,К
223,,вот,ВОТ,PART,,,Оно же как _вот_ со школы начинается,т,о,в,,,,PART,ВОТ,PART,Т
224,,со,СО,PR,,,же как вот _со_ школы начинается :,о,с,,,,,PR,СО,PR,О
225,,школы,ШКОЛА,S f inan gen sg,,,как вот со _школы_ начинается : постоянно,ы,л,о,к,ш,,S,ШКОЛА,S f inan gen sg,А
226,,начинается,НАЧИНАТЬСЯ,V ipf praes sg indic - 3p,,,вот со школы _начинается_ : постоянно тебе,я,с,т,е,а,н,V,НАЧИНАТЬСЯ,V ipf praes sg indic - 3p,Я
227,,:,:,PUNCT,,,,,,,,,,PUNCT,,,
228,,постоянно,ПОСТОЯННО,ADV -,,,школы начинается : _постоянно_ тебе надо идти,о,н,н,я,о,т,ADV,ПОСТОЯННО,ADV -,О
229,,тебе,ТЫ,SPRO sg 2p - dat,,,начинается : постоянно _тебе_ надо идти в,е,б,е,т,,,SPRO,ТЫ,SPRO sg 2p - dat,Ы
230,,надо,НАДО,PRAEDIC,,,: постоянно тебе _надо_ идти в школу,о,д,а,н,,,PRAEDIC,НАДО,ADV -,О
231,,идти,ИДТИ,V ipf - - inf - -,,,"постоянно тебе надо _идти_ в школу ,",и,т,д,и,,,V,ИДТИ,V ipf - - inf - -,И
232,,в,В,PR,,,"тебе надо идти _в_ школу , потом",в,,,,,,PR,В,PR,В
233,,школу,ШКОЛА,S f inan acc sg,,,"надо идти в _школу_ , потом учить",у,л,о,к,ш,,S,ШКОЛА,S f inan acc sg,А
234,,",",",",PUNCT,,,,,,,,,,PUNCT,,,
235,,потом,ПОТОМ,ADVPRO,,,"в школу , _потом_ учить уроки ,",м,о,т,о,п,,ADV,ПОТОМ,ADV -,М
236,,учить,УЧИТЬ,V ipf - - inf - -,,,"школу , потом _учить_ уроки , потом",ь,т,и,ч,у,,V,УЧИТЬ,V ipf - - inf - -,Ь
237,,уроки,УРОК,S m inan acc pl,,,", потом учить _уроки_ , потом идти",и,к,о,р,у,,S,УРОК,S m inan acc pl,К
238,,",",",",PUNCT,,,,,,,,,,PUNCT,,,
239,,потом,ПОТОМ,ADVPRO,,,"учить уроки , _потом_ идти в секцию",м,о,т,о,п,,ADV,ПОТОМ,ADV -,М
240,,идти,ИДТИ,V ipf - - inf - -,,,"уроки , потом _идти_ в секцию ,",и,т,д,и,,,V,ИДТИ,V ipf - - inf - -,И
241,,в,В,PR,,,", потом идти _в_ секцию , а",в,,,,,,PR,В,PR,В
242,,секцию,СЕКЦИЯ,S f inan acc sg,,,"потом идти в _секцию_ , а здесь",ю,и,ц,к,е,с,S,СЕКЦИЯ,S f inan acc sg,Я
243,,",",",",PUNCT,,,,,,,,,,PUNCT,,,
244,,а,А,CONJ,,,"в секцию , _а_ здесь как бы масса",а,,,,,,CONJ,А,CONJ,А
245,,здесь,ЗДЕСЬ,ADVPRO,,,"секцию , а _здесь_ как бы масса свободного",ь,с,е,д,з,,ADV,ЗДЕСЬ,ADV -,Ь
246,,как бы,как бы,PART,,,", а здесь _как бы_ масса свободного времени",ы,б, ,к,а,к,PART,как бы,ADV -,ы
247,,масса,МАССА,S f inan nom sg,,,а здесь как бы _масса_ свободного времени .,а,с,с,а,м,,S,МАССА,S f inan nom sg,А
248,,свободного,СВОБОДНЫЙ,A - gen sg plen n -,,,здесь как бы масса _свободного_ времени . ,о,г,о,н,д,о,A,СВОБОДНЫЙ,A - gen sg plen n -,Й
249,,времени,ВРЕМЯ,S n inan gen sg,,,как бы масса свободного _времени_ .  ,и,н,е,м,е,р,S,ВРЕМЯ,S n inan gen sg,Я
250,,.,.,PUNCT,,,,,,,,,,PUNCT,,,
251,,,,,,,,,,,,,,,,,
252,# sent = 437,,,,,,,,,,,,,,,,
253,# speaker = Илья,,,,,,,,,,,,,,,,
254,# sent = 438,,,,,,,,,,,,,,,,
255,,Ходил,ХОДИТЬ,V ipf praet sg indic m -,,,   _Ходил_ на рыбалку .,л,и,д,о,х,,V,ХОДИТЬ,V ipf praet sg indic m -,Ь
256,,на,НА,PR,,,  Ходил _на_ рыбалку . ,а,н,,,,,PR,НА,PR,А
257,,рыбалку,РЫБАЛКА,S f inan acc sg,,, Ходил на _рыбалку_ .  ,у,к,л,а,б,ы,S,РЫБАЛКА,S f inan acc sg,А
258,,.,.,PUNCT,,,,,,,,,,PUNCT,,,
259,,,,,,,,,,,,,,,,,
260,# sent = 439,,,,,,,,,,,,,,,,
261,,Вот,ВОТ,PART,,,.   _Вот_ я пристрастился к,т,о,в,,,,PART,ВОТ,PART,Т
262,,я,Я,SPRO sg 1p - nom,,,  Вот _я_ пристрастился к рыбной,я,,,,,,SPRO,Я,SPRO sg 1p - nom,Я
263,,пристрастился,ПРИСТРАСТИТЬСЯ,V pf praet sg indic m -,,, Вот я _пристрастился_ к рыбной ловле,я,с,л,и,т,с,V,ПРИСТРАСТИТЬСЯ,V pf praet sg indic m -,Я
264,,к,К,PR,,,Вот я пристрастился _к_ рыбной ловле там,к,,,,,,PR,К,PR,К
265,,рыбной,РЫБНЫЙ,A - dat sg plen f -,,,я пристрастился к _рыбной_ ловле там .,й,о,н,б,ы,р,A,РЫБНЫЙ,A - dat sg plen f -,Й
266,,ловле,ЛОВЛЯ,S f inan dat sg,,,пристрастился к рыбной _ловле_ там . ,е,л,в,о,л,,S,ЛОВЛЯ,S f inan dat sg,Я
267,,там,ТАМ,PART,,,к рыбной ловле _там_ .  ,м,а,т,,,,PART,ТАМ,PART,М
268,,.,.,PUNCT,,,,,,,,,,PUNCT,,,
269,,,,,,,,,,,,,,,,,
270,# sent = 440,,,,,,,,,,,,,,,,
271,,Как бы,Как бы,PART,,,".   _Как бы_ ничего , конечно",ы,б, ,к,а,к,PART,Как бы,ADV -,ы
272,,ничего,НИЧТО,PRAEDICPRO,,,"  Как бы _ничего_ , конечно ,",о,г,е,ч,и,н,SPRO,НИЧТО,S n - gen sg,О
273,,",",",",PUNCT,,,,,,,,,,PUNCT,,,
274,,конечно,КОНЕЧНО,PARENTH,,,"Как бы ничего , _конечно_ , такого особо",о,н,ч,е,н,о,ADV,КОНЕЧНО,ADV -,О
275,,",",",",PUNCT,,,,,,,,,,PUNCT,,,
276,,такого,ТАКОЙ,APRO - acc sg plen m inan,,,", конечно , _такого_ особо здорового не",о,г,о,к,а,т,APRO,ТАКОЙ,A - gen sg plen m -,Й
277,,особо,ОСОБО,ADV -,,,"конечно , такого _особо_ здорового не поймал",о,б,о,с,о,,ADV,ОСОБО,ADV -,О
278,,здорового,ЗДОРОВЫЙ,A - gen sg plen m -,,,", такого особо _здорового_ не поймал .",о,г,о,в,о,р,A,ЗДОРОВЫЙ,A - acc sg plen m anim,Й
279,,не,НЕ,PART,,,такого особо здорового _не_ поймал . ,е,н,,,,,PART,НЕ,PART,Е
280,,поймал,ПОЙМАТЬ,V pf praet sg indic m -,,,особо здорового не _поймал_ .  ,л,а,м,й,о,п,V,ПОЙМАТЬ,V pf praet sg indic m -,Ь
281,,.,.,PUNCT,,,,,,,,,,PUNCT,,,
282,,,,,,,,,,,,,,,,,
283,# sent = 441,,,,,,,,,,,,,,,,
284,,Максимально,МАКСИМАЛЬНО,ADV -,,,.   _Максимально_ поймал щурёнка на,о,н,ь,л,а,м,ADV,МАКСИМАЛЬНО,ADV -,О
285,,поймал,ПОЙМАТЬ,V pf praet sg indic m -,,,  Максимально _поймал_ щурёнка на удочку,л,а,м,й,о,п,V,ПОЙМАТЬ,V pf praet sg indic m -,Ь
286,,щурёнка,ЩУРЕНОК,S m anim acc sg,,, Максимально поймал _щурёнка_ на удочку вот,а,к,н,ё,р,у,S,ЩУРЕНОК,S m anim acc sg,К
287,,на,НА,PR,,,Максимально поймал щурёнка _на_ удочку вот ...,а,н,,,,,PR,НА,PR,А
288,,удочку,УДОЧКА,S f inan acc sg,,,поймал щурёнка на _удочку_ вот ... вот,у,к,ч,о,д,у,S,УДОЧКА,S f inan acc sg,А
289,,вот,ВОТ,PART,,,щурёнка на удочку _вот_ ... вот такого,т,о,в,,,,PART,ВОТ,PART,Т
290,,...,...,PUNCT,,,,,,,,,,PUNCT,,,
291,,вот,ВОТ,PART,,,удочку вот ... _вот_ такого вот .,т,о,в,,,,PART,ВОТ,PART,Т
292,,такого,ТАКОЙ,APRO - acc sg plen m inan,,,вот ... вот _такого_ вот . ,о,г,о,к,а,т,APRO,ТАКОЙ,A - gen sg plen m -,Й
293,,вот,ВОТ,PART,,,... вот такого _вот_ .  ,т,о,в,,,,PART,ВОТ,PART,Т
294,,.,.,PUNCT,,,,,,,,,,PUNCT,,,
295,,,,,,,,,,,,,,,,,
296,# sent = 442,,,,,,,,,,,,,,,,
297,,Ну,НУ,PART,,,.   _Ну_ ..  ,у,н,,,,,PART,НУ,PART,У
298,,..,..,PUNCT,,,,,,,,,,PUNCT,,,
299,,,,,,,,,,,,,,,,,
300,# sent = 443,,,,,,,,,,,,,,,,
301,,.,.,PUNCT,,,,,,,,,,PUNCT,,,
302,,то есть,то есть,CONJ,,,  . _то есть_ достаточно прилично -,ь,т,с,е, ,о,CONJ,то есть,ADV -,ь
303,,достаточно,ДОСТАТОЧНО,ADV -,,, . то есть _достаточно_ прилично - ну,о,н,ч,о,т,а,ADV,ДОСТАТОЧНО,ADV -,О
304,,прилично,ПРИЛИЧНО,ADV -,,,. то есть достаточно _прилично_ - ну на,о,н,ч,и,л,и,ADV,ПРИЛИЧНО,ADV -,О
305,,-,-,PUNCT,,,,,,,,,,PUNCT,,,
306,,ну,НУ,PART,,,достаточно прилично - _ну_ на мой взгляд,у,н,,,,,PART,НУ,PART,У
307,,на,НА,PR,,,прилично - ну _на_ мой взгляд .,а,н,,,,,PR,НА,PR,А
308,,мой,МОЙ,APRO - acc sg plen m inan,,,- ну на _мой_ взгляд . ,й,о,м,,,,APRO,МОЙ,A - acc sg plen m inan,Й
309,,взгляд,ВЗГЛЯД,S m inan acc sg,,,ну на мой _взгляд_ .  ,д,я,л,г,з,в,S,ВЗГЛЯД,S m inan acc sg,Д
310,,.,.,PUNCT,,,,,,,,,,PUNCT,,,
311,,,,,,,,,,,,,,,,,
312,# sent = 444,,,,,,,,,,,,,,,,
313,,Так-то,ТАК-ТО,PART,,,.   _Так-то_ в основном каких-то,о,т,-,к,а,т,PART,ТАК-ТО,PART,О
314,,в,В,PR,,,  Так-то _в_ основном каких-то вот,в,,,,,,PR,В,PR,В
315,,основном,ОСНОВНОЙ,A - loc sg plen m -,,, Так-то в _основном_ каких-то вот таких,м,о,н,в,о,н,A,ОСНОВНОЙ,A - loc sg plen m -,Й
316,,каких-то,КАКОЙ-ТО,APRO - gen pl plen - -,,,Так-то в основном _каких-то_ вот таких вот,о,т,-,х,и,к,APRO,КАКОЙ-ТО,A - gen pl plen - -,О
317,,вот,ВОТ,PART,,,в основном каких-то _вот_ таких вот таких,т,о,в,,,,PART,ВОТ,PART,Т
318,,таких,ТАКОЙ,APRO - gen pl plen - anim,,,основном каких-то вот _таких_ вот таких ловил,х,и,к,а,т,,APRO,ТАКОЙ,A - gen pl plen - -,Й
319,,вот,ВОТ,PART,,,каких-то вот таких _вот_ таких ловил рыбёшек,т,о,в,,,,PART,ВОТ,PART,Т
320,,таких,ТАКОЙ,APRO - gen pl plen - anim,,,вот таких вот _таких_ ловил рыбёшек там,х,и,к,а,т,,APRO,ТАКОЙ,A - gen pl plen - -,Й
321,,ловил,ЛОВИТЬ,V ipf praet sg indic m -,,,таких вот таких _ловил_ рыбёшек там уклеек,л,и,в,о,л,,V,ЛОВИТЬ,V ipf praet sg indic m -,Ь
322,,рыбёшек,РЫБЕШКА,S f anim gen pl,,,"вот таких ловил _рыбёшек_ там уклеек ,",к,е,ш,ё,б,ы,S,РЫБЕШКА,S f anim gen pl,А
323,,там,ТАМ,ADVPRO,,,"таких ловил рыбёшек _там_ уклеек , плотву",м,а,т,,,,ADV,ТАМ,ADV -,М
324,,уклеек,УКЛЕЙКА,S f anim acc pl,,,"ловил рыбёшек там _уклеек_ , плотву там",к,е,е,л,к,у,S,УКЛЕЙКА,S f anim acc pl,А
325,,",",",",PUNCT,,,,,,,,,,PUNCT,,,
326,,плотву,ПЛОТВА,S f anim acc sg,,,"там уклеек , _плотву_ там , густеру",у,в,т,о,л,п,S,ПЛОТВА,S f anim acc sg,А
327,,там,ТАМ,ADVPRO,,,"уклеек , плотву _там_ , густеру ,",м,а,т,,,,ADV,ТАМ,ADV -,М
328,,",",",",PUNCT,,,,,,,,,,PUNCT,,,
329,,густеру,ГУСТЕРА,S f anim acc sg,,,"плотву там , _густеру_ , всякое такое",у,р,е,т,с,у,S,ГУСТЕРА,S f anim acc sg,А
330,,",",",",PUNCT,,,,,,,,,,PUNCT,,,
331,,всякое,ВСЯКИЙ,A - acc sg plen n -,,,", густеру , _всякое_ такое . ",е,о,к,я,с,в,A,ВСЯКИЙ,A - acc sg plen n -,Й
332,,такое,ТАКОЙ,APRO - acc sg plen n inan,,,"густеру , всякое _такое_ .  ",е,о,к,а,т,,APRO,ТАКОЙ,A - nom sg plen n -,Й
333,,.,.,PUNCT,,,,,,,,,,PUNCT,,,
334,,,,,,,,,,,,,,,,,
335,# sent = 445,,,,,,,,,,,,,,,,
336,,Ну,НУ,PART,,,".   _Ну_ , ершей допустим",у,н,,,,,PART,НУ,PART,У
337,,",",",",PUNCT,,,,,,,,,,PUNCT,,,
338,,ершей,ЕРШ,S m anim acc pl,,," Ну , _ершей_ допустим ловил .",й,е,ш,р,е,,S,ЕРШ,S m anim acc pl,Ш
339,,допустим,ДОПУСТИТЬ,PARENTH,,,"Ну , ершей _допустим_ ловил . ",м,и,т,с,у,п,V,ДОПУСТИТЬ,V pf - pl imper - 1p,Ь
340,,ловил,ЛОВИТЬ,V ipf praet sg indic m -,,,", ершей допустим _ловил_ .  ",л,и,в,о,л,,V,ЛОВИТЬ,V ipf praet sg indic m -,Ь
341,,.,.,PUNCT,,,,,,,,,,PUNCT,,,
342,,,,,,,,,,,,,,,,,
343,# sent = 446,,,,,,,,,,,,,,,,
344,,Ершей,ЕРШ,S m anim acc pl,,,.   _Ершей_ - это когда,й,е,ш,р,е,,S,ЕРШ,S m anim acc pl,Ш
345,,-,-,PUNCT,,,,,,,,,,PUNCT,,,
346,,это,ЭТО,PART,,, Ершей - _это_ когда заходишь ..,о,т,э,,,,SPRO,ЭТО,S n - nom sg,О
347,,когда,КОГДА,CONJ,,,Ершей - это _когда_ заходишь .. ,а,д,г,о,к,,CONJ,КОГДА,CONJ,А
348,,заходишь,ЗАХОДИТЬ,V ipf praes sg indic - 2p,,,- это когда _заходишь_ ..  ,ь,ш,и,д,о,х,V,ЗАХОДИТЬ,V ipf praes sg indic - 2p,Ь
349,,..,..,PUNCT,,,,,,,,,,PUNCT,,,
350,,,,,,,,,,,,,,,,,
351,# sent = 447,,,,,,,,,,,,,,,,
352,,.,.,PUNCT,,,,,,,,,,PUNCT,,,
353,,блин,БЛИН,INTJ,,,"  . _блин_ , а как",н,и,л,б,,,S,БЛИН,S m inan acc sg,Н
354,,",",",",PUNCT,,,,,,,,,,PUNCT,,,
355,,а,А,CONJ,,,". блин , _а_ как это называется",а,,,,,,CONJ,А,CONJ,А
356,,как,КАК,ADVPRO,,,"блин , а _как_ это называется ,",к,а,к,,,,ADV,КАК,ADV -,К
357,,это,ЭТО,SPRO n - nom sg,,,", а как _это_ называется , я",о,т,э,,,,SPRO,ЭТО,S n - nom sg,О
358,,называется,НАЗЫВАТЬСЯ,V ipf praes sg indic - 3p,,,"а как это _называется_ , я уже",я,с,т,е,а,в,V,НАЗЫВАТЬСЯ,V ipf praes sg indic - 3p,Я
359,,",",",",PUNCT,,,,,,,,,,PUNCT,,,
360,,я,Я,SPRO sg 1p - nom,,,"это называется , _я_ уже даже слово",я,,,,,,SPRO,Я,SPRO sg 1p - nom,Я
361,,уже,УЖЕ,ADV -,,,"называется , я _уже_ даже слово забыл",е,ж,у,,,,ADV,УЖЕ,ADV -,Е
362,,даже,ДАЖЕ,PART,,,", я уже _даже_ слово забыл ...",е,ж,а,д,,,PART,ДАЖЕ,PART,Е
363,,слово,СЛОВО,S n inan acc sg,,,я уже даже _слово_ забыл ... то есть,о,в,о,л,с,,S,СЛОВО,S n inan nom sg,О
364,,забыл,ЗАБЫТЬ,V pf praet sg indic m -,,,уже даже слово _забыл_ ... то есть за,л,ы,б,а,з,,V,ЗАБЫТЬ,V pf praet sg indic m -,Ь
365,,...,...,PUNCT,,,,,,,,,,PUNCT,,,
366,,то есть,то есть,CONJ,,,слово забыл ... _то есть_ за ... ,ь,т,с,е, ,о,CONJ,то есть,ADV -,ь
367,,за,ЗА,PR,,,забыл ... то есть _за_ ...  ,а,з,,,,,PR,ЗА,PR,А
368,,...,...,PUNCT,,,,,,,,,,PUNCT,,,
369,,,,,,,,,,,,,,,,,
370,# sent = 448,,,,,,,,,,,,,,,,
371,,А,А,INTJ,,,"...   _А_ , мы называли",а,,,,,,CONJ,А,CONJ,А
372,,",",",",PUNCT,,,,,,,,,,PUNCT,,,
373,,мы,МЫ,SPRO pl 1p - nom,,," А , _мы_ называли "" на",ы,м,,,,,SPRO,МЫ,SPRO pl 1p - nom,Ы
374,,называли,НАЗЫВАТЬ,V ipf praet pl indic - -,,,"А , мы _называли_ "" на мутёху",и,л,а,в,ы,з,V,НАЗЫВАТЬ,V ipf praet pl indic - -,Ь
375,,"""","""",PUNCT,,,,,,,,,,PUNCT,,,
376,,на,НА,PR,,,"мы называли "" _на_ мутёху "" .",а,н,,,,,PR,НА,PR,А
377,,мутёху,МУТЕХА,S f inan acc sg,,,"называли "" на _мутёху_ "" . ",у,х,ё,т,у,м,S,МУТЕХА,S f inan acc sg,А
378,,"""","""",PUNCT,,,,,,,,,,PUNCT,,,
379,,.,.,PUNCT,,,,,,,,,,PUNCT,,,
380,,,,,,,,,,,,,,,,,
381,# sent = 449,,,,,,,,,,,,,,,,
382,,Заходишь,ЗАХОДИТЬ,V ipf praes sg indic - 2p,,,".   _Заходишь_ , где вот",ь,ш,и,д,о,х,V,ЗАХОДИТЬ,V ipf praes sg indic - 2p,Ь
383,,",",",",PUNCT,,,,,,,,,,PUNCT,,,
384,,где,ГДЕ,ADVPRO,,," Заходишь , _где_ вот в реке",е,д,г,,,,ADV,ГДЕ,ADV -,Е
385,,вот,ВОТ,PART,,,"Заходишь , где _вот_ в реке был",т,о,в,,,,PART,ВОТ,PART,Т
386,,в,В,PR,,,", где вот _в_ реке был брод",в,,,,,,PR,В,PR,В
387,,реке,РЕКА,S f inan loc sg,,,где вот в _реке_ был брод .,е,к,е,р,,,S,РЕКА,S f inan loc sg,А
388,,был,БЫТЬ,V ipf praet sg indic m -,,,вот в реке _был_ брод . ,л,ы,б,,,,V,БЫТЬ,V ipf praet sg indic m -,Ь
389,,брод,БРОД,S m inan nom sg,,,в реке был _брод_ .  ,д,о,р,б,,,S,БРОД,S m inan nom sg,Д
390,,.,.,PUNCT,,,,,,,,,,PUNCT,,,
391,,,,,,,,,,,,,,,,,
392,# sent = 450,,,,,,,,,,,,,,,,
393,,То есть,То есть,CONJ,,,.   _То есть_ там по пояс,ь,т,с,е, ,о,CONJ,То есть,ADV -,ь
394,,там,ТАМ,ADVPRO,,,  То есть _там_ по пояс где-то,м,а,т,,,,ADV,ТАМ,ADV -,М
395,,по,ПО,PR,,, То есть там _по_ пояс где-то нам,о,п,,,,,PR,ПО,PR,О
396,,пояс,ПОЯС,S m inan acc sg,,,То есть там по _пояс_ где-то нам было,с,я,о,п,,,S,ПОЯС,S m inan acc sg,С
397,,где-то,ГДЕ-ТО,ADVPRO,,,там по пояс _где-то_ нам было .,о,т,-,е,д,г,ADV,ГДЕ-ТО,ADV -,О
398,,нам,МЫ,SPRO pl 1p - dat,,,по пояс где-то _нам_ было . ,м,а,н,,,,SPRO,МЫ,SPRO pl 1p - dat,Ы
399,,было,БЫТЬ,V ipf praet sg indic n -,,,пояс где-то нам _было_ .  ,о,л,ы,б,,,V,БЫТЬ,V ipf praet sg indic n -,Ь
400,,.,.,PUNCT,,,,,,,,,,PUNCT,,,
401,,,,,,,,,,,,,,,,,
402,# sent = 451,,,,,,,,,,,,,,,,
403,,Вот,ВОТ,PART,,,.   _Вот_ заходишь в реку,т,о,в,,,,PART,ВОТ,PART,Т
404,,заходишь,ЗАХОДИТЬ,V ipf praes sg indic - 2p,,,  Вот _заходишь_ в реку с,ь,ш,и,д,о,х,V,ЗАХОДИТЬ,V ipf praes sg indic - 2p,Ь
405,,в,В,PR,,, Вот заходишь _в_ реку с удочкой,в,,,,,,PR,В,PR,В
406,,реку,РЕКА,S f inan acc sg,,,Вот заходишь в _реку_ с удочкой и,у,к,е,р,,,S,РЕКА,S f inan acc sg,А
407,,с,С,PR,,,заходишь в реку _с_ удочкой и ногами,с,,,,,,PR,С,PR,С
408,,удочкой,УДОЧКА,S f inan ins sg,,,в реку с _удочкой_ и ногами шевелишь,й,о,к,ч,о,д,S,УДОЧКА,S f inan ins sg,А
409,,и,И,CONJ,,,реку с удочкой _и_ ногами шевелишь как бы,и,,,,,,CONJ,И,CONJ,И
410,,ногами,НОГА,S f inan ins pl,,,с удочкой и _ногами_ шевелишь как бы песок,и,м,а,г,о,н,S,НОГА,S f inan ins pl,А
411,,шевелишь,ШЕВЕЛИТЬ,V ipf praes sg indic - 2p,,,"удочкой и ногами _шевелишь_ как бы песок ,",ь,ш,и,л,е,в,V,ШЕВЕЛИТЬ,V ipf praes sg indic - 2p,Ь
412,,как бы,как бы,PART,,,"и ногами шевелишь _как бы_ песок , и",ы,б, ,к,а,к,PART,как бы,ADV -,ы
413,,песок,ПЕСОК,S m inan acc sg,,,"ногами шевелишь как бы _песок_ , и прям",к,о,с,е,п,,S,ПЕСОК,S m inan nom sg,К
414,,",",",",PUNCT,,,,,,,,,,PUNCT,,,
415,,и,И,CONJ,,,"как бы песок , _и_ прям вот ловишь",и,,,,,,CONJ,И,CONJ,И
416,,прям,ПРЯМОЙ,PART,,,"песок , и _прям_ вот ловишь у",м,я,р,п,,,A,ПРЯМОЙ,A - - sg brev m -,Й
417,,вот,ВОТ,PART,,,", и прям _вот_ ловишь у себя",т,о,в,,,,PART,ВОТ,PART,Т
418,,ловишь,ЛОВИТЬ,V ipf praes sg indic - 2p,,,и прям вот _ловишь_ у себя из,ь,ш,и,в,о,л,V,ЛОВИТЬ,V ipf praes sg indic - 2p,Ь
419,,у,У,PR,,,прям вот ловишь _у_ себя из под,у,,,,,,PR,У,PR,У
420,,себя,СЕБЯ,SPRO - - - gen,,,вот ловишь у _себя_ из под ног,я,б,е,с,,,SPRO,СЕБЯ,SPRO - - - acc,Я
421,,из,ИЗ,PR,слитно,,ловишь у себя _из_ под ног ...,з,и,,,,,PR,ИЗ,PR,З
422,,под,ПОД,PR,,,у себя из _под_ ног ... пескариков,д,о,п,,,,PR,ПОД,PR,Д
423,,ног,НОГА,S f inan gen pl,,,себя из под _ног_ ... пескариков .,г,о,н,,,,S,НОГА,S m inan gen sg,А
424,,...,...,PUNCT,,,,,,,,,,PUNCT,,,
425,,пескариков,ПЕСКАРИК,S m anim acc pl,,,под ног ... _пескариков_ .  ,в,о,к,и,р,а,S,ПЕСКАРИК,S m anim acc pl,К
426,,.,.,PUNCT,,,,,,,,,,PUNCT,,,
427,,,,,,,,,,,,,,,,,
428,# sent = 452,,,,,,,,,,,,,,,,
429,"<distinct form=""",,,,,,,,,,,,,,,,
430,<dist>,Во-о-от,,,,,,,,,,,,,,,
431,""">",,,,,,,,,,,,,,,,
432,,вот,ВОТ,PART,,, Во-о-от  _вот_  . ,т,о,в,,,,PART,ВОТ,PART,Т
433,</distinct>,,,,,,,,,,,,,,,,
434,,.,.,PUNCT,,,,,,,,,,PUNCT,,,
435,,,,,,,,,,,,,,,,,
436,# sent = 453,,,,,,,,,,,,,,,,
437,# speaker = Илья,,,,,,,,,,,,,,,,
438,# sent = 454,,,,,,,,,,,,,,,,
439,,Ну,НУ,PART,,,"   _Ну_ , в общем",у,н,,,,,PART,НУ,PART,У
440,,",",",",PUNCT,,,,,,,,,,PUNCT,,,
441,,в,В,PR,,," Ну , _в_ общем , такое",в,,,,,,PR,В,PR,В
442,,общем,ОБЩИЙ,A - loc sg plen m -,,,"Ну , в _общем_ , такое у",м,е,щ,б,о,,A,ОБЩИЙ,A - loc sg plen m -,Й
443,,",",",",PUNCT,,,,,,,,,,PUNCT,,,
444,,такое,ТАКОЙ,APRO - nom sg plen n -,,,"в общем , _такое_ у меня воспоминание",е,о,к,а,т,,APRO,ТАКОЙ,A - nom sg plen n -,Й
445,,у,У,PR,,,"общем , такое _у_ меня воспоминание как бы",у,,,,,,PR,У,PR,У
446,,меня,Я,SPRO sg 1p - gen,,,", такое у _меня_ воспоминание как бы детства",я,н,е,м,,,SPRO,Я,SPRO sg 1p - acc,Я
447,,воспоминание,ВОСПОМИНАНИЕ,S n inan nom sg,,,такое у меня _воспоминание_ как бы детства о,е,и,н,а,н,и,S,ВОСПОМИНАНИЕ,S n inan nom sg,Е
448,,как бы,как бы,PART,,,у меня воспоминание _как бы_ детства о пионерских,ы,б, ,к,а,к,PART,как бы,ADV -,ы
449,,детства,ДЕТСТВО,S n inan gen sg,,,меня воспоминание как бы _детства_ о пионерских и,а,в,т,с,т,е,S,ДЕТСТВО,S n inan gen sg,О
450,,о,О,PR,,,воспоминание как бы детства _о_ пионерских и спортивных,о,,,,,,PR,О,PR,О
451,,пионерских,ПИОНЕРСКИЙ,A - loc pl plen - -,,,как бы детства о _пионерских_ и спортивных лагерях,х,и,к,с,р,е,A,ПИОНЕРСКИЙ,A - loc pl plen - -,Й
452,,и,И,CONJ,,,детства о пионерских _и_ спортивных лагерях .,и,,,,,,CONJ,И,CONJ,И
453,,спортивных,СПОРТИВНЫЙ,A - loc pl plen - -,,,о пионерских и _спортивных_ лагерях . ,х,ы,н,в,и,т,A,СПОРТИВНЫЙ,A - loc pl plen - -,Й
454,,лагерях,ЛАГЕРЬ,S m inan loc pl,,,пионерских и спортивных _лагерях_ .  ,х,я,р,е,г,а,S,ЛАГЕРЬ,S m inan loc pl,Ь
455,,.,.,PUNCT,,,,,,,,,,PUNCT,,,
456,,,,,,,,,,,,,,,,,
457,# sent = 455,,,,,,,,,,,,,,,,
458,,А,А,CONJ,,,.   _А_ в пионерских лагерях,а,,,,,,CONJ,А,CONJ,А
459,,в,В,PR,,,  А _в_ пионерских лагерях ещё,в,,,,,,PR,В,PR,В
460,,пионерских,ПИОНЕРСКИЙ,A - loc pl plen - -,,, А в _пионерских_ лагерях ещё ...,х,и,к,с,р,е,A,ПИОНЕРСКИЙ,A - loc pl plen - -,Й
461,,лагерях,ЛАГЕРЬ,S m inan loc pl,,,А в пионерских _лагерях_ ещё ... ,х,я,р,е,г,а,S,ЛАГЕРЬ,S m inan loc pl,Ь
462,,ещё,ЕЩЕ,ADV -,,,в пионерских лагерях _ещё_ ...  ,ё,щ,е,,,,ADV,ЕЩЕ,ADV -,Е
463,,...,...,PUNCT,,,,,,,,,,PUNCT,,,
464,,,,,,,,,,,,,,,,,
465,# sent = 456,,,,,,,,,,,,,,,,
466,,Интересно,ИНТЕРЕСНО,ADV -,,,...   _Интересно_ что-нибудь такое рассказать,о,н,с,е,р,е,ADV,ИНТЕРЕСНО,ADV -,О
467,,что-нибудь,ЧТО-НИБУДЬ,SPRO n inan acc sg,,,  Интересно _что-нибудь_ такое рассказать .,ь,д,у,б,и,н,SPRO,ЧТО-НИБУДЬ,S n - nom sg,Ь
468,,такое,ТАКОЙ,APRO - acc sg plen n inan,,, Интересно что-нибудь _такое_ рассказать . ,е,о,к,а,т,,APRO,ТАКОЙ,A - nom sg plen n -,Й
469,,рассказать,РАССКАЗАТЬ,V pf - - inf - -,,,Интересно что-нибудь такое _рассказать_ .  ,ь,т,а,з,а,к,V,РАССКАЗАТЬ,V pf - - inf - -,Ь
470,,.,.,PUNCT,,,,,,,,,,PUNCT,,,
471,,,,,,,,,,,,,,,,,
472,# sent = 457,,,,,,,,,,,,,,,,
473,,Эх,ЭХ,INTJ,,,.   _Эх_ .  ,х,э,,,,,INTJ,ЭХ,INTJ,Х
474,,.,.,PUNCT,,,,,,,,,,PUNCT,,,
475,,,,,,,,,,,,,,,,,
476,# sent = 458,,,,,,,,,,,,,,,,
477,# speaker = Илья,,,,,,,,,,,,,,,,
478,# sent = 459,,,,,,,,,,,,,,,,
479,,Кстати,КСТАТИ,PARENTH,,,   _Кстати_ я ездил когда,и,т,а,т,с,к,ADV,КСТАТИ,ADV -,И
480,,я,Я,SPRO sg 1p - nom,,,  Кстати _я_ ездил когда в,я,,,,,,SPRO,Я,SPRO sg 1p - nom,Я
481,,ездил,ЕЗДИТЬ,V ipf praet sg indic m -,,, Кстати я _ездил_ когда в пионерский,л,и,д,з,е,,V,ЕЗДИТЬ,V ipf praet sg indic m -,Ь
482,,когда,КОГДА,CONJ,,,Кстати я ездил _когда_ в пионерский лагерь,а,д,г,о,к,,CONJ,КОГДА,CONJ,А
483,,в,В,PR,,,я ездил когда _в_ пионерский лагерь .,в,,,,,,PR,В,PR,В
484,,пионерский,ПИОНЕРСКИЙ,A - acc sg plen m inan,,,ездил когда в _пионерский_ лагерь . ,й,и,к,с,р,е,A,ПИОНЕРСКИЙ,A - acc sg plen m inan,Й
485,,лагерь,ЛАГЕРЬ,S m inan acc sg,,,когда в пионерский _лагерь_ .  ,ь,р,е,г,а,л,S,ЛАГЕРЬ,S m inan acc sg,Ь
486,,.,.,PUNCT,,,,,,,,,,PUNCT,,,
487,,,,,,,,,,,,,,,,,
488,# sent = 460,,,,,,,,,,,,,,,,
489,,А,А,CONJ,,,.   _А_ у нас был,а,,,,,,CONJ,А,CONJ,А
490,,у,У,PR,,,  А _у_ нас был через,у,,,,,,PR,У,PR,У
491,,нас,МЫ,SPRO pl 1p - gen,,, А у _нас_ был через забор,с,а,н,,,,SPRO,МЫ,SPRO pl 1p - loc,Ы
492,,был,БЫТЬ,V ipf praet sg indic m -,,,А у нас _был_ через забор спортивный,л,ы,б,,,,V,БЫТЬ,V ipf praet sg indic m -,Ь
493,,через,ЧЕРЕЗ,PR,,,у нас был _через_ забор спортивный лагерь,з,е,р,е,ч,,PR,ЧЕРЕЗ,PR,З
494,,забор,ЗАБОР,S m inan acc sg,,,нас был через _забор_ спортивный лагерь тоже,р,о,б,а,з,,S,ЗАБОР,S m inan acc sg,Р
495,,спортивный,СПОРТИВНЫЙ,A - acc sg plen m inan,,,"был через забор _спортивный_ лагерь тоже ,",й,ы,н,в,и,т,A,СПОРТИВНЫЙ,A - acc sg plen m inan,Й
496,,лагерь,ЛАГЕРЬ,S m inan nom sg,,,"через забор спортивный _лагерь_ тоже , но",ь,р,е,г,а,л,S,ЛАГЕРЬ,S m inan acc sg,Ь
497,,тоже,ТОЖЕ,PART,,,"забор спортивный лагерь _тоже_ , но не",е,ж,о,т,,,PART,ТОЖЕ,PART,Е
498,,",",",",PUNCT,,,,,,,,,,PUNCT,,,
499,,но,НО,CONJ,,,"лагерь тоже , _но_ не на ...",о,н,,,,,CONJ,НО,CONJ,О
500,,не,НЕ,PART,,,"тоже , но _не_ на ... не",е,н,,,,,PART,НЕ,PART,Е
501,,на,НА,PR,,,", но не _на_ ... не тот",а,н,,,,,PR,НА,PR,А
502,,...,...,PUNCT,,,,,,,,,,PUNCT,,,
503,,не,НЕ,PART,,,"не на ... _не_ тот , в",е,н,,,,,PART,НЕ,PART,Е
504,,тот,ТОТ,APRO - nom sg plen m -,,,"на ... не _тот_ , в который",т,о,т,,,,APRO,ТОТ,A - nom sg plen m -,Т
505,,",",",",PUNCT,,,,,,,,,,PUNCT,,,
506,,в,В,PR,,,"не тот , _в_ который я ездил",в,,,,,,PR,В,PR,В
507,,который,КОТОРЫЙ,APRO - acc sg plen m inan,,,"тот , в _который_ я ездил .",й,ы,р,о,т,о,APRO,КОТОРЫЙ,A - acc sg plen m inan,Й
508,,я,Я,SPRO sg 1p - nom,,,", в который _я_ ездил . ",я,,,,,,SPRO,Я,SPRO sg 1p - nom,Я
509,,ездил,ЕЗДИТЬ,V ipf praet sg indic m -,,,в который я _ездил_ .  ,л,и,д,з,е,,V,ЕЗДИТЬ,V ipf praet sg indic m -,Ь
510,,.,.,PUNCT,,,,,,,,,,PUNCT,,,
511,,,,,,,,,,,,,,,,,
512,# sent = 461,,,,,,,,,,,,,,,,
513,,Я,Я,SPRO sg 1p - nom,,,".   _Я_ ездил в """,я,,,,,,SPRO,Я,SPRO sg 1p - nom,Я
514,,ездил,ЕЗДИТЬ,V ipf praet sg indic m -,,,"  Я _ездил_ в "" Нептун",л,и,д,з,е,,V,ЕЗДИТЬ,V ipf praet sg indic m -,Ь
515,,в,В,PR,,," Я ездил _в_ "" Нептун """,в,,,,,,PR,В,PR,В
516,,"""","""",PUNCT,,,,,,,,,,PUNCT,,,
517,,Нептун,НЕПТУН,S m inan acc sg,,,"ездил в "" _Нептун_ "" от бассейна",н,у,т,п,е,н,S,НЕПТУН,S m inan nom sg,Н
518,,"""","""",PUNCT,,,,,,,,,,PUNCT,,,
519,,от,ОТ,PR,,,""" Нептун "" _от_ бассейна ковровского ,",т,о,,,,,PR,ОТ,PR,Т
520,,бассейна,БАССЕЙН,S m inan gen sg,,,"Нептун "" от _бассейна_ ковровского , а",а,н,й,е,с,с,S,БАССЕЙН,S m inan gen sg,Н
521,,ковровского,КОВРОВСКИЙ,A - gen sg plen m -,,,""" от бассейна _ковровского_ , а у",о,г,о,к,с,в,A,КОВРОВСКИЙ,A - gen sg plen m -,Й
522,,",",",",PUNCT,,,,,,,,,,PUNCT,,,
523,,а,А,CONJ,,,"бассейна ковровского , _а_ у нас был",а,,,,,,CONJ,А,CONJ,А
524,,у,У,PR,,,"ковровского , а _у_ нас был """,у,,,,,,PR,У,PR,У
525,,нас,МЫ,SPRO pl 1p - gen,,,", а у _нас_ был "" Юнга",с,а,н,,,,SPRO,МЫ,SPRO pl 1p - loc,Ы
526,,был,БЫТЬ,V ipf praet sg indic m -,,,"а у нас _был_ "" Юнга """,л,ы,б,,,,V,БЫТЬ,V ipf praet sg indic m -,Ь
527,,"""","""",PUNCT,,,,,,,,,,PUNCT,,,
528,,Юнга,ЮНГА,S m anim nom sg,,,"нас был "" _Юнга_ "" , не",а,г,н,ю,,,S,ЮНГА,S m anim gen sg,А
529,,"""","""",PUNCT,,,,,,,,,,PUNCT,,,
530,,",",",",PUNCT,,,,,,,,,,PUNCT,,,
531,,не,НЕ,PART,,,"Юнга "" , _не_ помню это чей",е,н,,,,,PART,НЕ,PART,Е
532,,помню,ПОМНИТЬ,V ipf praes sg indic - 1p,,,""" , не _помню_ это чей уже",ю,н,м,о,п,,V,ПОМНИТЬ,V ipf praes sg indic - 1p,Ь
533,,это,ЭТО,SPRO n - nom sg,,,", не помню _это_ чей уже вообще",о,т,э,,,,SPRO,ЭТО,S n - nom sg,О
534,,чей,ЧЕЙ,APRO - nom sg plen m inan,,,не помню это _чей_ уже вообще какого,й,е,ч,,,,A,ЧЕЙ,A - nom sg plen m -,Й
535,,уже,УЖЕ,ADV -,,,помню это чей _уже_ вообще какого спортивного,е,ж,у,,,,ADV,УЖЕ,ADV -,Е
536,,вообще,ВООБЩЕ,ADV -,,,это чей уже _вообще_ какого спортивного общества,е,щ,б,о,о,в,ADV,ВООБЩЕ,ADV -,Е
537,,какого,КАКОЙ,APRO - gen sg plen m -,,,"чей уже вообще _какого_ спортивного общества ,",о,г,о,к,а,к,APRO,КАКОЙ,A - gen sg plen m -,Й
538,,спортивного,СПОРТИВНЫЙ,A - gen sg plen n -,,,"уже вообще какого _спортивного_ общества , что",о,г,о,н,в,и,A,СПОРТИВНЫЙ,A - gen sg plen n -,Й
539,,общества,ОБЩЕСТВО,S n inan gen sg,,,"вообще какого спортивного _общества_ , что называется",а,в,т,с,е,щ,S,ОБЩЕСТВО,S n inan gen sg,О
540,,",",",",PUNCT,,,,,,,,,,PUNCT,,,
541,,что,ЧТО,SPRO n - nom sg,,,"спортивного общества , _что_ называется , этот",о,т,ч,,,,CONJ,ЧТО,CONJ,О
542,,называется,НАЗЫВАТЬСЯ,V ipf praes sg indic - 3p,,,"общества , что _называется_ , этот лагерь",я,с,т,е,а,в,V,НАЗЫВАТЬСЯ,V ipf praes sg indic - 3p,Я
543,,",",",",PUNCT,,,,,,,,,,PUNCT,,,
544,,этот,ЭТОТ,APRO - nom sg plen m -,,,"что называется , _этот_ лагерь . ",т,о,т,э,,,APRO,ЭТОТ,A - nom sg plen m -,Т
545,,лагерь,ЛАГЕРЬ,S m inan nom sg,,,"называется , этот _лагерь_ .  ",ь,р,е,г,а,л,S,ЛАГЕРЬ,S m inan nom sg,Ь
546,,.,.,PUNCT,,,,,,,,,,PUNCT,,,
547,,,,,,,,,,,,,,,,,
548,# sent = 462,,,,,,,,,,,,,,,,
549,,Был,БЫТЬ,V ipf praet sg indic m -,,,.   _Был_ через забор .,л,ы,б,,,,V,БЫТЬ,V ipf praet sg indic m -,Ь
550,,через,ЧЕРЕЗ,PR,,,  Был _через_ забор . ,з,е,р,е,ч,,PR,ЧЕРЕЗ,PR,З
551,,забор,ЗАБОР,S m inan acc sg,,, Был через _забор_ .  ,р,о,б,а,з,,S,ЗАБОР,S m inan acc sg,Р
552,,.,.,PUNCT,,,,,,,,,,PUNCT,,,
553,,,,,,,,,,,,,,,,,
554,# sent = 463,,,,,,,,,,,,,,,,
555,,И,И,CONJ,,,.   _И_ мы у них,и,,,,,,CONJ,И,CONJ,И
556,,мы,МЫ,SPRO pl 1p - nom,,,  И _мы_ у них один,ы,м,,,,,SPRO,МЫ,SPRO pl 1p - nom,Ы
557,,у,У,PR,,, И мы _у_ них один раз,у,,,,,,PR,У,PR,У
558,,них,ОНИ,SPRO pl - - gen,,,И мы у _них_ один раз утащили,х,и,н,,,,SPRO,ОНИ,SPRO pl - - loc,И
559,,один,ОДИН,ANUM - nom sg plen m -,,,мы у них _один_ раз утащили .,н,и,д,о,,,ANUM,ОДИН,A - nom sg plen m -,Н
560,,раз,РАЗ,S m inan nom sg,,,у них один _раз_ утащили . ,з,а,р,,,,S,РАЗ,S m inan nom sg,З
561,,утащили,УТАЩИТЬ,V pf praet pl indic - -,,,них один раз _утащили_ .  ,и,л,и,щ,а,т,V,УТАЩИТЬ,V pf praet pl indic - -,Ь
562,,.,.,PUNCT,,,,,,,,,,PUNCT,,,
563,,,,,,,,,,,,,,,,,
564,# sent = 464,,,,,,,,,,,,,,,,
565,,Ну,НУ,PART,,,.   _Ну_ я не знаю,у,н,,,,,PART,НУ,PART,У
566,,я,Я,SPRO sg 1p - nom,,,  Ну _я_ не знаю как,я,,,,,,SPRO,Я,SPRO sg 1p - nom,Я
567,,не,НЕ,PART,,, Ну я _не_ знаю как это,е,н,,,,,PART,НЕ,PART,Е
568,,знаю,ЗНАТЬ,V ipf praes sg indic - 1p,,,Ну я не _знаю_ как это макет,ю,а,н,з,,,V,ЗНАТЬ,V ipf praes sg indic - 1p,Ь
569,,как,КАК,PART,,,я не знаю _как_ это макет или,к,а,к,,,,CONJ,КАК,CONJ,К
570,,это,ЭТО,SPRO n - nom sg,,,не знаю как _это_ макет или как,о,т,э,,,,SPRO,ЭТО,S n - nom sg,О
571,,макет,МАКЕТ,S m inan nom sg,,,знаю как это _макет_ или как ...,т,е,к,а,м,,S,МАКЕТ,S m inan nom sg,Т
572,,или,ИЛИ,CONJ,,,как это макет _или_ как ... бывший,и,л,и,,,,CONJ,ИЛИ,CONJ,И
573,,как,КАК,PART,,,"это макет или _как_ ... бывший ,",к,а,к,,,,CONJ,КАК,CONJ,К
574,,...,...,PUNCT,,,,,,,,,,PUNCT,,,
575,,бывший,БЫВШИЙ,A - nom sg plen m -,,,"или как ... _бывший_ , ну ,",й,и,ш,в,ы,б,A,БЫВШИЙ,A - nom sg plen m -,Й
576,,",",",",PUNCT,,,,,,,,,,PUNCT,,,
577,,ну,НУ,PART,,,"... бывший , _ну_ , пулемёт Максим",у,н,,,,,PART,НУ,PART,У
578,,",",",",PUNCT,,,,,,,,,,PUNCT,,,
579,,пулемёт,ПУЛЕМЕТ,S m inan acc sg,,,", ну , _пулемёт_ Максим . ",т,ё,м,е,л,у,S,ПУЛЕМЕТ,S m inan nom sg,Т
580,,Максим,МАКСИМ,S m anim nom sg,,,"ну , пулемёт _Максим_ .  ",м,и,с,к,а,м,S,МАКСИМ,S m anim nom sg,М
581,,.,.,PUNCT,,,,,,,,,,PUNCT,,,
582,,,,,,,,,,,,,,,,,
583,# sent = 465,,,,,,,,,,,,,,,,
584,,То есть,То есть,CONJ,,,.   _То есть_ он не действующий,ь,т,с,е, ,о,CONJ,То есть,ADV -,ь
585,,он,ОН,SPRO sg 3p m nom,,,  То есть _он_ не действующий безусловно,н,о,,,,,SPRO,ОН,SPRO sg 3p m nom,Н
586,,не,НЕ,PART,,, То есть он _не_ действующий безусловно там,е,н,,,,,PART,НЕ,PART,Е
587,,действующий,ДЕЙСТВОВАТЬ,PARTCP ipf inpraes nom sg plen m act -,,,То есть он не _действующий_ безусловно там ну,й,и,щ,ю,у,в,PARTCP,ДЕЙСТВОВАТЬ,PARTCP ipf inpraes acc sg plen m act inan,Ь
588,,безусловно,БЕЗУСЛОВНО,PARENTH,,,он не действующий _безусловно_ там ну ...,о,н,в,о,л,с,ADV,БЕЗУСЛОВНО,ADV -,О
589,,там,ТАМ,ADVPRO,,,не действующий безусловно _там_ ну ... как,м,а,т,,,,ADV,ТАМ,ADV -,М
590,,ну,НУ,PART,,,действующий безусловно там _ну_ ... как ...,у,н,,,,,PART,НУ,PART,У
591,,...,...,PUNCT,,,,,,,,,,PUNCT,,,
592,,как,КАК,PART,,,там ну ... _как_ ... ну вот,к,а,к,,,,CONJ,КАК,CONJ,К
593,,...,...,PUNCT,,,,,,,,,,PUNCT,,,
594,,ну,НУ,PART,,,... как ... _ну_ вот прям реально,у,н,,,,,PART,НУ,PART,У
595,,вот,ВОТ,PART,,,как ... ну _вот_ прям реально натуральный,т,о,в,,,,PART,ВОТ,PART,Т
596,,прям,ПРЯМОЙ,PART,,,... ну вот _прям_ реально натуральный по,м,я,р,п,,,A,ПРЯМОЙ,A - - sg brev m -,Й
597,,реально,РЕАЛЬНО,ADV -,,,ну вот прям _реально_ натуральный по виду,о,н,ь,л,а,е,ADV,РЕАЛЬНО,ADV -,О
598,,натуральный,НАТУРАЛЬНЫЙ,A - nom sg plen m -,,,вот прям реально _натуральный_ по виду как,й,ы,н,ь,л,а,A,НАТУРАЛЬНЫЙ,A - nom sg plen m -,Й
599,,по,ПО,PR,,,прям реально натуральный _по_ виду как пулемёт,о,п,,,,,PR,ПО,PR,О
600,,виду,ВИД,S m inan dat sg,,,реально натуральный по _виду_ как пулемёт .,у,д,и,в,,,S,ВИД,S m inan loc2 sg,Д
601,,как,КАК,CONJ,,,натуральный по виду _как_ пулемёт . ,к,а,к,,,,CONJ,КАК,CONJ,К
602,,пулемёт,ПУЛЕМЕТ,S m inan nom sg,,,по виду как _пулемёт_ .  ,т,ё,м,е,л,у,S,ПУЛЕМЕТ,S m inan nom sg,Т
603,,.,.,PUNCT,,,,,,,,,,PUNCT,,,
604,,,,,,,,,,,,,,,,,
605,# sent = 466,,,,,,,,,,,,,,,,
606,,Там,ТАМ,ADVPRO,,,.   _Там_ видимо какие-то детали,м,а,т,,,,ADV,ТАМ,ADV -,М
607,,видимо,ВИДИМО,PARENTH,,,  Там _видимо_ какие-то детали у,о,м,и,д,и,в,ADV,ВИДИМО,ADV -,О
608,,какие-то,КАКОЙ-ТО,APRO - nom pl plen - -,,, Там видимо _какие-то_ детали у него,о,т,-,е,и,к,APRO,КАКОЙ-ТО,A - nom pl plen - -,О
609,,детали,ДЕТАЛЬ,S f inan nom pl,,,Там видимо какие-то _детали_ у него были,и,л,а,т,е,д,S,ДЕТАЛЬ,S f inan nom pl,Ь
610,,у,У,PR,,,видимо какие-то детали _у_ него были сняты,у,,,,,,PR,У,PR,У
611,,него,ОН,SPRO sg 3p m gen,,,какие-то детали у _него_ были сняты .,о,г,е,н,,,SPRO,ОН,SPRO sg 3p m acc,Н
612,,были,БЫТЬ,V ipf praet pl indic - -,,,детали у него _были_ сняты . ,и,л,ы,б,,,V,БЫТЬ,V ipf praet pl indic - -,Ь
613,,сняты,СНЯТОЙ,A - - pl brev - -,,,у него были _сняты_ .  ,ы,т,я,н,с,,A,СНЯТОЙ,A - - pl brev - -,Й
614,,.,.,PUNCT,,,,,,,,,,PUNCT,,,
615,,,,,,,,,,,,,,,,,
616,# sent = 467,,,,,,,,,,,,,,,,
617,,Я,Я,SPRO sg 1p - nom,,,.   _Я_ в этом как,я,,,,,,SPRO,Я,SPRO sg 1p - nom,Я
618,,в,В,PR,,,  Я _в_ этом как говорится,в,,,,,,PR,В,PR,В
619,,этом,ЭТО,SPRO n - loc sg,,, Я в _этом_ как говорится тогда,м,о,т,э,,,SPRO,ЭТО,S n - loc sg,О
620,,как,КАК,CONJ,,,Я в этом _как_ говорится тогда не,к,а,к,,,,CONJ,КАК,CONJ,К
621,,говорится,ГОВОРИТЬСЯ,V ipf praes sg indic - 3p,,,в этом как _говорится_ тогда не разбир,я,с,т,и,р,о,V,ГОВОРИТЬСЯ,V ipf praes sg indic - 3p,Я
622,,тогда,ТОГДА,ADVPRO,,,этом как говорится _тогда_ не разбир ...,а,д,г,о,т,,ADV,ТОГДА,ADV -,А
623,,не,НЕ,PART,,,как говорится тогда _не_ разбир ... и,е,н,,,,,PART,НЕ,PART,Е
624,,разбир,РАЗБИРАТЬСЯ,NONLEX,distort,,говорится тогда не _разбир_ ... и сейчас,р,и,б,з,а,р,NONLEX,РАЗБИРАТЬСЯ,NONLEX,Я
625,,...,...,PUNCT,,,,,,,,,,PUNCT,,,
626,,и,И,CONJ,,,не разбир ... _и_ сейчас я в,и,,,,,,CONJ,И,CONJ,И
627,,сейчас,СЕЙЧАС,ADV -,,,разбир ... и _сейчас_ я в этом,с,а,ч,й,е,с,ADV,СЕЙЧАС,ADV -,С
628,,я,Я,SPRO sg 1p - nom,,,... и сейчас _я_ в этом тоже,я,,,,,,SPRO,Я,SPRO sg 1p - nom,Я
629,,в,В,PR,,,и сейчас я _в_ этом тоже не,в,,,,,,PR,В,PR,В
630,,этом,ЭТО,SPRO n - loc sg,,,сейчас я в _этом_ тоже не разбираюсь,м,о,т,э,,,SPRO,ЭТО,S n - loc sg,О
631,,тоже,ТОЖЕ,PART,,,я в этом _тоже_ не разбираюсь .,е,ж,о,т,,,PART,ТОЖЕ,PART,Е
632,,не,НЕ,PART,,,в этом тоже _не_ разбираюсь . ,е,н,,,,,PART,НЕ,PART,Е
633,,разбираюсь,РАЗБИРАТЬСЯ,V ipf praes sg indic - 1p,,,этом тоже не _разбираюсь_ .  ,ь,с,ю,а,р,и,V,РАЗБИРАТЬСЯ,V ipf praes sg indic - 1p,Я
634,,.,.,PUNCT,,,,,,,,,,PUNCT,,,
635,,,,,,,,,,,,,,,,,
636,# sent = 468,,,,,,,,,,,,,,,,
637,# speaker = Илья,,,,,,,,,,,,,,,,
638,# sent = 469,,,,,,,,,,,,,,,,
639,,Тяжеленная,ТЯЖЕЛЕННЫЙ,A - nom sg plen f -,,,   _Тяжеленная_ такая блин дура,я,а,н,н,е,л,A,ТЯЖЕЛЕННЫЙ,A - nom sg plen f -,Й
640,,такая,ТАКОЙ,APRO - nom sg plen f -,,,  Тяжеленная _такая_ блин дура .,я,а,к,а,т,,APRO,ТАКОЙ,A - nom sg plen f -,Й
641,,блин,БЛИН,INTL,,, Тяжеленная такая _блин_ дура . ,н,и,л,б,,,S,БЛИН,S m inan acc sg,Н
642,,дура,ДУРА,S f anim nom sg,,,Тяжеленная такая блин _дура_ .  ,а,р,у,д,,,S,ДУРА,S f anim nom sg,А
643,,.,.,PUNCT,,,,,,,,,,PUNCT,,,
644,,,,,,,,,,,,,,,,,
645,# sent = 470,,,,,,,,,,,,,,,,
646,,Его,ОН,SPRO sg 3p m acc,,,".   _Его_ надо тащить ,",о,г,е,,,,SPRO,ОН,SPRO sg 3p m acc,Н
647,,надо,НАДО,PRAEDIC,,,"  Его _надо_ тащить , ну",о,д,а,н,,,PRAEDIC,НАДО,ADV -,О
648,,тащить,ТАЩИТЬ,V ipf - - inf - -,,," Его надо _тащить_ , ну несколько",ь,т,и,щ,а,т,V,ТАЩИТЬ,V ipf - - inf - -,Ь
649,,",",",",PUNCT,,,,,,,,,,PUNCT,,,
650,,ну,НУ,PART,,,"надо тащить , _ну_ несколько человек ,",у,н,,,,,PART,НУ,PART,У
651,,несколько,НЕСКОЛЬКО,NUM - - -,,,"тащить , ну _несколько_ человек , не",о,к,ь,л,о,к,NUM,НЕСКОЛЬКО,NUM - - -,О
652,,человек,ЧЕЛОВЕК,S m anim gen sg,,,", ну несколько _человек_ , не знаю",к,е,в,о,л,е,S,ЧЕЛОВЕК,S m anim nom sg,К
653,,",",",",PUNCT,,,,,,,,,,PUNCT,,,
654,,не,НЕ,PART,,,"несколько человек , _не_ знаю как его",е,н,,,,,PART,НЕ,PART,Е
655,,знаю,ЗНАТЬ,V ipf praes sg indic - 1p,,,"человек , не _знаю_ как его там",ю,а,н,з,,,V,ЗНАТЬ,V ipf praes sg indic - 1p,Ь
656,,как,КАК,CONJ,,,", не знаю _как_ его там в",к,а,к,,,,CONJ,КАК,CONJ,К
657,,его,ОН,SPRO sg 3p m acc,,,не знаю как _его_ там в бою,о,г,е,,,,SPRO,ОН,SPRO sg 3p m acc,Н
658,,там,ТАМ,ADVPRO,,,знаю как его _там_ в бою носили,м,а,т,,,,ADV,ТАМ,ADV -,М
659,,в,В,PR,,,как его там _в_ бою носили .,в,,,,,,PR,В,PR,В
660,,бою,БОЙ,S m inan loc2 sg,,,его там в _бою_ носили . ,ю,о,б,,,,S,БОЙ,S m inan loc2 sg,Й
661,,носили,НОСИТЬ,V ipf praet pl indic - -,,,там в бою _носили_ .  ,и,л,и,с,о,н,V,НОСИТЬ,V ipf praet pl indic - -,Ь
662,,.,.,PUNCT,,,,,,,,,,PUNCT,,,
663,,,,,,,,,,,,,,,,,
664,# sent = 471,,,,,,,,,,,,,,,,
665,,Тяжеленная,ТЯЖЕЛЕННЫЙ,A - nom sg plen f -,,,.   _Тяжеленная_ вещь вообще .,я,а,н,н,е,л,A,ТЯЖЕЛЕННЫЙ,A - nom sg plen f -,Й
666,,вещь,ВЕЩЬ,S f inan nom sg,,,  Тяжеленная _вещь_ вообще . ,ь,щ,е,в,,,S,ВЕЩЬ,S f inan nom sg,Ь
667,,вообще,ВООБЩЕ,ADV -,,, Тяжеленная вещь _вообще_ .  ,е,щ,б,о,о,в,ADV,ВООБЩЕ,ADV -,Е
668,,.,.,PUNCT,,,,,,,,,,PUNCT,,,
669,,,,,,,,,,,,,,,,,
670,# sent = 472,,,,,,,,,,,,,,,,
671,,Ну,НУ,PART,,,.   _Ну_ мы же дети,у,н,,,,,PART,НУ,PART,У
672,,мы,МЫ,SPRO pl 1p - nom,,,"  Ну _мы_ же дети ,",ы,м,,,,,SPRO,МЫ,SPRO pl 1p - nom,Ы
673,,же,ЖЕ,PART,,," Ну мы _же_ дети , конечно",е,ж,,,,,PART,ЖЕ,PART,Е
674,,дети,РЕБЕНОК,S m anim nom pl,,,"Ну мы же _дети_ , конечно ,",и,т,е,д,,,S,РЕБЕНОК,S m anim nom pl,К
675,,",",",",PUNCT,,,,,,,,,,PUNCT,,,
676,,конечно,КОНЕЧНО,PARENTH,,,"же дети , _конечно_ , были ещё",о,н,ч,е,н,о,ADV,КОНЕЧНО,ADV -,О
677,,",",",",PUNCT,,,,,,,,,,PUNCT,,,
678,,были,БЫТЬ,V ipf praet pl indic - -,,,", конечно , _были_ ещё , тогда",и,л,ы,б,,,V,БЫТЬ,V ipf praet pl indic - -,Ь
679,,ещё,ЕЩЕ,ADV -,,,"конечно , были _ещё_ , тогда нам",ё,щ,е,,,,ADV,ЕЩЕ,ADV -,Е
680,,",",",",PUNCT,,,,,,,,,,PUNCT,,,
681,,тогда,ТОГДА,ADVPRO,,,"были ещё , _тогда_ нам было ещё",а,д,г,о,т,,ADV,ТОГДА,ADV -,А
682,,нам,МЫ,SPRO pl 1p - dat,,,"ещё , тогда _нам_ было ещё тежелее",м,а,н,,,,SPRO,МЫ,SPRO pl 1p - dat,Ы
683,,было,БЫТЬ,V ipf praet sg indic n -,,,", тогда нам _было_ ещё тежелее .",о,л,ы,б,,,V,БЫТЬ,V ipf praet sg indic n -,Ь
684,,ещё,ЕЩЕ,ADV -,,,тогда нам было _ещё_ тежелее . ,ё,щ,е,,,,ADV,ЕЩЕ,ADV -,Е
685,,тежелее,ТЕЖЕЛО,ADV comp,,,нам было ещё _тежелее_ .  ,е,е,л,е,ж,е,ADV,ТЕЖЕЛО,ADV comp,О
686,,.,.,PUNCT,,,,,,,,,,PUNCT,,,
687,,,,,,,,,,,,,,,,,
688,# sent = 473,,,,,,,,,,,,,,,,
689,,Вот,ВОТ,PART,,,.   _Вот_ мы у них,т,о,в,,,,PART,ВОТ,PART,Т
690,,мы,МЫ,SPRO pl 1p - nom,,,  Вот _мы_ у них сперли,ы,м,,,,,SPRO,МЫ,SPRO pl 1p - nom,Ы
691,,у,У,PR,,, Вот мы _у_ них сперли пулемёт,у,,,,,,PR,У,PR,У
692,,них,ОНИ,SPRO pl - - gen,,,"Вот мы у _них_ сперли пулемёт ,",х,и,н,,,,SPRO,ОНИ,SPRO pl - - loc,И
693,,сперли,СПЕРЕТЬ,V pf praet pl indic - -,,,"мы у них _сперли_ пулемёт , в",и,л,р,е,п,с,V,СПЕРЕТЬ,V pf praet pl indic - -,Ь
694,,пулемёт,ПУЛЕМЕТ,S m inan acc sg,,,"у них сперли _пулемёт_ , в кустах",т,ё,м,е,л,у,S,ПУЛЕМЕТ,S m inan nom sg,Т
695,,",",",",PUNCT,,,,,,,,,,PUNCT,,,
696,,в,В,PR,,,"сперли пулемёт , _в_ кустах спрятали ,",в,,,,,,PR,В,PR,В
697,,кустах,КУСТ,S m inan loc pl,,,"пулемёт , в _кустах_ спрятали , ну",х,а,т,с,у,к,S,КУСТ,S m inan loc pl,Т
698,,спрятали,СПРЯТАТЬ,V pf praet pl indic - -,,,", в кустах _спрятали_ , ну ,",и,л,а,т,я,р,V,СПРЯТАТЬ,V pf praet pl indic - -,Ь
699,,",",",",PUNCT,,,,,,,,,,PUNCT,,,
700,,ну,НУ,PART,,,"кустах спрятали , _ну_ , потом ...",у,н,,,,,PART,НУ,PART,У
701,,",",",",PUNCT,,,,,,,,,,PUNCT,,,
702,,потом,ПОТОМ,ADVPRO,,,", ну , _потом_ ... вернули как бы",м,о,т,о,п,,ADV,ПОТОМ,ADV -,М
703,,...,...,PUNCT,,,,,,,,,,PUNCT,,,
704,,вернули,ВЕРНУТЬ,V pf praet pl indic - -,,,", потом ... _вернули_ как бы . ",и,л,у,н,р,е,V,ВЕРНУТЬ,V pf praet pl indic - -,Ь
705,,как бы,как бы,PART,,,потом ... вернули _как бы_ .  ,ы,б, ,к,а,к,PART,как бы,ADV -,ы
706,,.,.,PUNCT,,,,,,,,,,PUNCT,,,
707,,,,,,,,,,,,,,,,,
708,# sent = 474,,,,,,,,,,,,,,,,
709,# speaker = Илья,,,,,,,,,,,,,,,,
710,# sent = 475,,,,,,,,,,,,,,,,
711,,Ещё,ЕЩЕ,ADV -,,,   _Ещё_ у нас был,ё,щ,е,,,,ADV,ЕЩЕ,ADV -,Е
712,,у,У,PR,,,  Ещё _у_ нас был один,у,,,,,,PR,У,PR,У
713,,нас,МЫ,SPRO pl 1p - gen,,, Ещё у _нас_ был один интересный,с,а,н,,,,SPRO,МЫ,SPRO pl 1p - loc,Ы
714,,был,БЫТЬ,V ipf praet sg indic m -,,,Ещё у нас _был_ один интересный случай,л,ы,б,,,,V,БЫТЬ,V ipf praet sg indic m -,Ь
715,,один,ОДИН,ANUM - nom sg plen m -,,,"у нас был _один_ интересный случай ,",н,и,д,о,,,ANUM,ОДИН,A - nom sg plen m -,Н
716,,интересный,ИНТЕРЕСНЫЙ,A - nom sg plen m -,,,"нас был один _интересный_ случай , это",й,ы,н,с,е,р,A,ИНТЕРЕСНЫЙ,A - nom sg plen m -,Й
717,,случай,СЛУЧАЙ,S m inan nom sg,,,"был один интересный _случай_ , это уже",й,а,ч,у,л,с,S,СЛУЧАЙ,S m inan nom sg,Й
718,,",",",",PUNCT,,,,,,,,,,PUNCT,,,
719,,это,ЭТО,SPRO n - nom sg,,,"интересный случай , _это_ уже в спортлагере",о,т,э,,,,SPRO,ЭТО,S n - nom sg,О
720,,уже,УЖЕ,ADV -,,,"случай , это _уже_ в спортлагере ,",е,ж,у,,,,ADV,УЖЕ,ADV -,Е
721,,в,В,PR,,,", это уже _в_ спортлагере , где",в,,,,,,PR,В,PR,В
722,,спортлагере,СПОРТЛАГЕРЬ,S m inan loc sg,,,"это уже в _спортлагере_ , где я",е,р,е,г,а,л,S,СПОРТЛАГЕРЬ,S m inan loc sg,Ь
723,,",",",",PUNCT,,,,,,,,,,PUNCT,,,
724,,где,ГДЕ,ADVPRO,,,"в спортлагере , _где_ я был ...",е,д,г,,,,ADV,ГДЕ,ADV -,Е
725,,я,Я,SPRO sg 1p - nom,,,"спортлагере , где _я_ был ... в",я,,,,,,SPRO,Я,SPRO sg 1p - nom,Я
726,,был,БЫТЬ,V ipf praet sg indic m -,,,", где я _был_ ... в """,л,ы,б,,,,V,БЫТЬ,V ipf praet sg indic m -,Ь
727,,...,...,PUNCT,,,,,,,,,,PUNCT,,,
728,,в,В,PR,,,"я был ... _в_ "" Нептуне """,в,,,,,,PR,В,PR,В
729,,"""","""",PUNCT,,,,,,,,,,PUNCT,,,
730,,Нептуне,НЕПТУН,S m inan loc sg,,,"... в "" _Нептуне_ "" . ",е,н,у,т,п,е,S,НЕПТУН,S m inan loc sg,Н
731,,"""","""",PUNCT,,,,,,,,,,PUNCT,,,
732,,.,.,PUNCT,,,,,,,,,,PUNCT,,,
733,,,,,,,,,,,,,,,,,
734,# sent = 476,,,,,,,,,,,,,,,,
735,,У,У,PR,,,.   _У_ нас один парень,у,,,,,,PR,У,PR,У
736,,нас,МЫ,SPRO pl 1p - gen,,,  У _нас_ один парень .,с,а,н,,,,SPRO,МЫ,SPRO pl 1p - loc,Ы
737,,один,ОДИН,ANUM - nom sg plen m -,,, У нас _один_ парень . ,н,и,д,о,,,ANUM,ОДИН,A - nom sg plen m -,Н
738,,парень,ПАРЕНЬ,S m anim nom sg,,,У нас один _парень_ .  ,ь,н,е,р,а,п,S,ПАРЕНЬ,S m anim nom sg,Ь
739,,.,.,PUNCT,,,,,,,,,,PUNCT,,,
740,,,,,,,,,,,,,,,,,
741,# sent = 477,,,,,,,,,,,,,,,,
742,,Ну,НУ,PART,,,.   _Ну_ тоже вот мы,у,н,,,,,PART,НУ,PART,У
743,,тоже,ТОЖЕ,PART,,,  Ну _тоже_ вот мы так,е,ж,о,т,,,PART,ТОЖЕ,PART,Е
744,,вот,ВОТ,PART,,, Ну тоже _вот_ мы так гуляли,т,о,в,,,,PART,ВОТ,PART,Т
745,,мы,МЫ,SPRO pl 1p - nom,,,"Ну тоже вот _мы_ так гуляли ,",ы,м,,,,,SPRO,МЫ,SPRO pl 1p - nom,Ы
746,,так,ТАК,ADVPRO,,,"тоже вот мы _так_ гуляли , когда",к,а,т,,,,ADV,ТАК,ADV -,К
747,,гуляли,ГУЛЯТЬ,V ipf praet pl indic - -,,,"вот мы так _гуляли_ , когда не",и,л,я,л,у,г,V,ГУЛЯТЬ,V ipf praet pl indic - -,Ь
748,,",",",",PUNCT,,,,,,,,,,PUNCT,,,
749,,когда,КОГДА,CONJ,,,"так гуляли , _когда_ не на тренировке",а,д,г,о,к,,CONJ,КОГДА,CONJ,А
750,,не,НЕ,PART,,,"гуляли , когда _не_ на тренировке .",е,н,,,,,PART,НЕ,PART,Е
751,,на,НА,PR,,,", когда не _на_ тренировке . ",а,н,,,,,PR,НА,PR,А
752,,тренировке,ТРЕНИРОВКА,S f inan loc sg,,,когда не на _тренировке_ .  ,е,к,в,о,р,и,S,ТРЕНИРОВКА,S f inan loc sg,А
753,,.,.,PUNCT,,,,,,,,,,PUNCT,,,
754,,,,,,,,,,,,,,,,,
755,# sent = 478,,,,,,,,,,,,,,,,
756,,И,И,CONJ,,,.   _И_ стоял на дороге,и,,,,,,CONJ,И,CONJ,И
757,,стоял,СТОЯТЬ,V ipf praet sg indic m -,,,"  И _стоял_ на дороге ,",л,я,о,т,с,,V,СТОЯТЬ,V ipf praet sg indic m -,Ь
758,,на,НА,PR,,," И стоял _на_ дороге , а",а,н,,,,,PR,НА,PR,А
759,,дороге,ДОРОГА,S f inan loc sg,,,"И стоял на _дороге_ , а у",е,г,о,р,о,д,S,ДОРОГА,S f inan dat sg,А
760,,",",",",PUNCT,,,,,,,,,,PUNCT,,,
761,,а,А,CONJ,,,"на дороге , _а_ у нас был",а,,,,,,CONJ,А,CONJ,А
762,,у,У,PR,,,"дороге , а _у_ нас был (",у,,,,,,PR,У,PR,У
763,,нас,МЫ,SPRO pl 1p - gen,,,", а у _нас_ был ( как",с,а,н,,,,SPRO,МЫ,SPRO pl 1p - loc,Ы
764,,был,БЫТЬ,V ipf praet sg indic m -,,,а у нас _был_ ( как это,л,ы,б,,,,V,БЫТЬ,V ipf praet sg indic m -,Ь
765,,(,(,PUNCT,,,,,,,,,,PUNCT,,,
766,,как,КАК,CONJ,,,нас был ( _как_ это описать ),к,а,к,,,,CONJ,КАК,CONJ,К
767,,это,ЭТО,SPRO n - acc sg,,,был ( как _это_ описать ) .,о,т,э,,,,SPRO,ЭТО,S n inan acc sg,О
768,,описать,ОПИСАТЬ,V pf - - inf - -,,,( как это _описать_ ) . ,ь,т,а,с,и,п,V,ОПИСАТЬ,V pf - - inf - -,Ь
769,,),),PUNCT,,,,,,,,,,PUNCT,,,
770,,.,.,PUNCT,,,,,,,,,,PUNCT,,,
771,,,,,,,,,,,,,,,,,
772,# sent = 479,,,,,,,,,,,,,,,,
773,# speaker = Илья,,,,,,,,,,,,,,,,
774,# sent = 480,,,,,,,,,,,,,,,,
775,,Где,ГДЕ,ADVPRO,,,"   _Где_ располагался лагерь ,",е,д,г,,,,ADV,ГДЕ,ADV -,Е
776,,располагался,РАСПОЛАГАТЬСЯ,V ipf praet sg indic m -,,,"  Где _располагался_ лагерь , он",я,с,л,а,г,а,V,РАСПОЛАГАТЬСЯ,V ipf praet sg indic m -,Я
777,,лагерь,ЛАГЕРЬ,S m inan nom sg,,," Где располагался _лагерь_ , он был",ь,р,е,г,а,л,S,ЛАГЕРЬ,S m inan acc sg,Ь
778,,",",",",PUNCT,,,,,,,,,,PUNCT,,,
779,,он,ОН,SPRO sg 3p m nom,,,"располагался лагерь , _он_ был на берегу",н,о,,,,,SPRO,ОН,SPRO sg 3p m nom,Н
780,,был,БЫТЬ,V ipf praet sg indic m -,,,"лагерь , он _был_ на берегу реки",л,ы,б,,,,V,БЫТЬ,V ipf praet sg indic m -,Ь
781,,на,НА,PR,,,", он был _на_ берегу реки :",а,н,,,,,PR,НА,PR,А
782,,берегу,БЕРЕГ,S m inan loc2 sg,,,он был на _берегу_ реки : не,у,г,е,р,е,б,S,БЕРЕГ,S m inan loc2 sg,Г
783,,реки,РЕКА,S f inan gen sg,,,был на берегу _реки_ : не на,и,к,е,р,,,S,РЕКА,S f inan gen sg,А
784,,:,:,PUNCT,,,,,,,,,,PUNCT,,,
785,,не,НЕ,PART,,,берегу реки : _не_ на самом берегу,е,н,,,,,PART,НЕ,PART,Е
786,,на,НА,PR,,,"реки : не _на_ самом берегу ,",а,н,,,,,PR,НА,PR,А
787,,самом,САМЫЙ,A - loc sg plen m -,,,": не на _самом_ берегу , а",м,о,м,а,с,,A,САМЫЙ,A - loc sg plen m -,Й
788,,берегу,БЕРЕГ,S m inan loc2 sg,,,"не на самом _берегу_ , а метров",у,г,е,р,е,б,S,БЕРЕГ,S m inan loc2 sg,Г
789,,",",",",PUNCT,,,,,,,,,,PUNCT,,,
790,,а,А,CONJ,,,"самом берегу , _а_ метров пятьсот от",а,,,,,,CONJ,А,CONJ,А
791,,метров,МЕТР,S m inan gen pl,,,"берегу , а _метров_ пятьсот от реки",в,о,р,т,е,м,S,МЕТР,S m inan gen pl,Р
792,,пятьсот,ПЯТЬСОТ,NUM acc - -,,,", а метров _пятьсот_ от реки в",т,о,с,ь,т,я,NUM,ПЯТЬСОТ,NUM acc - -,Т
793,,от,ОТ,PR,,,а метров пятьсот _от_ реки в лесу,т,о,,,,,PR,ОТ,PR,Т
794,,реки,РЕКА,S f inan gen sg,,,метров пятьсот от _реки_ в лесу .,и,к,е,р,,,S,РЕКА,S f inan gen sg,А
795,,в,В,PR,,,пятьсот от реки _в_ лесу . ,в,,,,,,PR,В,PR,В
796,,лесу,ЛЕС,S m inan loc2 sg,,,от реки в _лесу_ .  ,у,с,е,л,,,S,ЛЕС,S m inan loc2 sg,С
797,,.,.,PUNCT,,,,,,,,,,PUNCT,,,
798,,,,,,,,,,,,,,,,,
799,# sent = 481,,,,,,,,,,,,,,,,
800,,Там,ТАМ,ADVPRO,,,.   _Там_ поляна такая большая,м,а,т,,,,ADV,ТАМ,ADV -,М
801,,поляна,ПОЛЯНА,S f inan nom sg,,,"  Там _поляна_ такая большая ,",а,н,я,л,о,п,S,ПОЛЯНА,S f inan nom sg,А
802,,такая,ТАКОЙ,APRO - nom sg plen f -,,," Там поляна _такая_ большая , потом",я,а,к,а,т,,APRO,ТАКОЙ,A - nom sg plen f -,Й
803,,большая,БОЛЬШОЙ,A - nom sg plen f -,,,"Там поляна такая _большая_ , потом через",я,а,ш,ь,л,о,A,БОЛЬШОЙ,A - nom sg plen f -,Й
804,,",",",",PUNCT,,,,,,,,,,PUNCT,,,
805,,потом,ПОТОМ,ADVPRO,,,"такая большая , _потом_ через лес ,",м,о,т,о,п,,ADV,ПОТОМ,ADV -,М
806,,через,ЧЕРЕЗ,PR,,,"большая , потом _через_ лес , ну",з,е,р,е,ч,,PR,ЧЕРЕЗ,PR,З
807,,лес,ЛЕС,S m inan acc sg,,,", потом через _лес_ , ну ,",с,е,л,,,,S,ЛЕС,S m inan acc sg,С
808,,",",",",PUNCT,,,,,,,,,,PUNCT,,,
809,,ну,НУ,PART,,,"через лес , _ну_ , как бы идёшь",у,н,,,,,PART,НУ,PART,У
810,,",",",",PUNCT,,,,,,,,,,PUNCT,,,
811,,как бы,как бы,PART,,,", ну , _как бы_ идёшь через лес",ы,б, ,к,а,к,PART,как бы,ADV -,ы
812,,идёшь,ИДТИ,V ipf praes sg indic - 2p,,,"ну , как бы _идёшь_ через лес такой",ь,ш,ё,д,и,,V,ИДТИ,V ipf praes sg indic - 2p,И
813,,через,ЧЕРЕЗ,PR,,,", как бы идёшь _через_ лес такой .",з,е,р,е,ч,,PR,ЧЕРЕЗ,PR,З
814,,лес,ЛЕС,S m inan acc sg,,,как бы идёшь через _лес_ такой . ,с,е,л,,,,S,ЛЕС,S m inan acc sg,С
815,,такой,ТАКОЙ,APRO - acc sg plen m -,,,идёшь через лес _такой_ .  ,й,о,к,а,т,,APRO,ТАКОЙ,A - gen sg plen f -,Й
816,,.,.,PUNCT,,,,,,,,,,PUNCT,,,
817,,,,,,,,,,,,,,,,,
818,# sent = 482,,,,,,,,,,,,,,,,
819,,И,И,CONJ,,,.   _И_ там берег реки,и,,,,,,CONJ,И,CONJ,И
820,,там,ТАМ,ADVPRO,,,  И _там_ берег реки и,м,а,т,,,,ADV,ТАМ,ADV -,М
821,,берег,БЕРЕГ,S m inan nom sg,,, И там _берег_ реки и метров,г,е,р,е,б,,S,БЕРЕГ,S m inan acc sg,Г
822,,реки,РЕКА,S f inan gen sg,,,И там берег _реки_ и метров тоже,и,к,е,р,,,S,РЕКА,S f inan gen sg,А
823,,и,И,CONJ,,,там берег реки _и_ метров тоже пятьсот,и,,,,,,CONJ,И,CONJ,И
824,,метров,МЕТР,S m inan gen pl,,,берег реки и _метров_ тоже пятьсот в,в,о,р,т,е,м,S,МЕТР,S m inan gen pl,Р
825,,тоже,ТОЖЕ,PART,,,реки и метров _тоже_ пятьсот в сторону,е,ж,о,т,,,PART,ТОЖЕ,PART,Е
826,,пятьсот,ПЯТЬСОТ,NUM acc - -,,,и метров тоже _пятьсот_ в сторону была,т,о,с,ь,т,я,NUM,ПЯТЬСОТ,NUM acc - -,Т
827,,в,В,PR,,,метров тоже пятьсот _в_ сторону была паромная,в,,,,,,PR,В,PR,В
828,,сторону,СТОРОНА,S f inan acc sg,,,тоже пятьсот в _сторону_ была паромная переправа,у,н,о,р,о,т,S,СТОРОНА,S f inan acc sg,А
829,,была,БЫТЬ,V ipf praet sg indic f -,,,пятьсот в сторону _была_ паромная переправа через,а,л,ы,б,,,V,БЫТЬ,V ipf praet sg indic f -,Ь
830,,паромная,ПАРОМНЫЙ,A - nom sg plen f -,,,в сторону была _паромная_ переправа через реку,я,а,н,м,о,р,A,ПАРОМНЫЙ,A - nom sg plen f -,Й
831,,переправа,ПЕРЕПРАВА,S f inan nom sg,,,сторону была паромная _переправа_ через реку Клязьма,а,в,а,р,п,е,S,ПЕРЕПРАВА,S f inan nom sg,А
832,,через,ЧЕРЕЗ,PR,,,была паромная переправа _через_ реку Клязьма .,з,е,р,е,ч,,PR,ЧЕРЕЗ,PR,З
833,,реку,РЕКА,S f inan acc sg,,,паромная переправа через _реку_ Клязьма . ,у,к,е,р,,,S,РЕКА,S f inan acc sg,А
834,,Клязьма,КЛЯЗЬМА,S f inan nom sg,,,переправа через реку _Клязьма_ .  ,а,м,ь,з,я,л,S,КЛЯЗЬМА,S f inan nom sg,А
835,,.,.,PUNCT,,,,,,,,,,PUNCT,,,
836,,,,,,,,,,,,,,,,,
837,# sent = 483,,,,,,,,,,,,,,,,
838,,Ну,НУ,PART,,,".   _Ну_ , это возле",у,н,,,,,PART,НУ,PART,У
839,,",",",",PUNCT,,,,,,,,,,PUNCT,,,
840,,это,ЭТО,SPRO n - nom sg,,," Ну , _это_ возле Коврова ,",о,т,э,,,,SPRO,ЭТО,S n - nom sg,О
841,,возле,ВОЗЛЕ,PR,,,"Ну , это _возле_ Коврова , Владимирская",е,л,з,о,в,,PR,ВОЗЛЕ,PR,Е
842,,Коврова,КОВРОВ,S m inan gen sg,,,", это возле _Коврова_ , Владимирская область",а,в,о,р,в,о,S,КОВРОВ,S m inan gen sg,В
843,,",",",",PUNCT,,,,,,,,,,PUNCT,,,
844,,Владимирская,ВЛАДИМИРСКИЙ,A - nom sg plen f -,,,"возле Коврова , _Владимирская_ область . ",я,а,к,с,р,и,A,ВЛАДИМИРСКИЙ,A - nom sg plen f -,Й
845,,область,ОБЛАСТЬ,S f inan nom sg,,,"Коврова , Владимирская _область_ .  ",ь,т,с,а,л,б,S,ОБЛАСТЬ,S f inan nom sg,Ь
846,,.,.,PUNCT,,,,,,,,,,PUNCT,,,
847,,,,,,,,,,,,,,,,,
848,# sent = 484,,,,,,,,,,,,,,,,
849,,И,И,CONJ,,,.   _И_ вот там стоял,и,,,,,,CONJ,И,CONJ,И
850,,вот,ВОТ,PART,,,  И _вот_ там стоял на,т,о,в,,,,PART,ВОТ,PART,Т
851,,там,ТАМ,ADVPRO,,, И вот _там_ стоял на берегу,м,а,т,,,,ADV,ТАМ,ADV -,М
852,,стоял,СТОЯТЬ,V ipf praet sg indic m -,,,И вот там _стоял_ на берегу трактор,л,я,о,т,с,,V,СТОЯТЬ,V ipf praet sg indic m -,Ь
853,,на,НА,PR,,,вот там стоял _на_ берегу трактор .,а,н,,,,,PR,НА,PR,А
854,,берегу,БЕРЕГ,S m inan loc2 sg,,,там стоял на _берегу_ трактор . ,у,г,е,р,е,б,S,БЕРЕГ,S m inan loc2 sg,Г
855,,трактор,ТРАКТОР,S m inan nom sg,,,стоял на берегу _трактор_ .  ,р,о,т,к,а,р,S,ТРАКТОР,S m inan nom sg,Р
856,,.,.,PUNCT,,,,,,,,,,PUNCT,,,
857,,,,,,,,,,,,,,,,,
858,# sent = 485,,,,,,,,,,,,,,,,
859,,Видимо,ВИДИМО,PARENTH,,,".   _Видимо_ , ждал парома",о,м,и,д,и,в,ADV,ВИДИМО,ADV -,О
860,,",",",",PUNCT,,,,,,,,,,PUNCT,,,
861,,ждал,ЖДАТЬ,V ipf praet sg indic m -,,," Видимо , _ждал_ парома , когда",л,а,д,ж,,,V,ЖДАТЬ,V ipf praet sg indic m -,Ь
862,,парома,ПАРОМ,S m inan gen sg,,,"Видимо , ждал _парома_ , когда он",а,м,о,р,а,п,S,ПАРОМ,S m inan gen sg,М
863,,",",",",PUNCT,,,,,,,,,,PUNCT,,,
864,,когда,КОГДА,CONJ,,,"ждал парома , _когда_ он переправится с",а,д,г,о,к,,CONJ,КОГДА,CONJ,А
865,,он,ОН,SPRO sg 3p m nom,,,"парома , когда _он_ переправится с той",н,о,,,,,SPRO,ОН,SPRO sg 3p m nom,Н
866,,переправится,ПЕРЕПРАВИТЬСЯ,V pf fut sg indic - 3p,,,", когда он _переправится_ с той стороны",я,с,т,и,в,а,V,ПЕРЕПРАВИТЬСЯ,V pf fut sg indic - 3p,Я
867,,с,С,PR,,,"когда он переправится _с_ той стороны ,",с,,,,,,PR,С,PR,С
868,,той,ТОТ,APRO - gen sg plen f -,,,"он переправится с _той_ стороны , чтобы",й,о,т,,,,APRO,ТОТ,A - gen sg plen f -,Т
869,,стороны,СТОРОНА,S f inan gen sg,,,"переправится с той _стороны_ , чтобы переехать",ы,н,о,р,о,т,S,СТОРОНА,S f inan gen sg,А
870,,",",",",PUNCT,,,,,,,,,,PUNCT,,,
871,,чтобы,ЧТОБЫ,CONJ,,,"той стороны , _чтобы_ переехать . ",ы,б,о,т,ч,,CONJ,ЧТОБЫ,CONJ,Ы
872,,переехать,ПЕРЕЕХАТЬ,V pf - - inf - -,,,"стороны , чтобы _переехать_ .  ",ь,т,а,х,е,е,V,ПЕРЕЕХАТЬ,V pf - - inf - -,Ь
873,,.,.,PUNCT,,,,,,,,,,PUNCT,,,
